Id,Timestamp,Time,MS,V,A,MV,T,Area1,current_density,humidity,ambient_temperature,bath_pH,bath_conductivity,diameter,roughness_average_b,roughness_standard_deviation_b,alloy,voltage,ramp_time,holding_time,experiment_time,area,observations,thickness_average_a,thickness_standard_deviation_a,thickness_average_b,thickness_standard_deviation_b,roughness_average_a,roughness_standard_deviation_a
18612,1693557900,2023-09-01 08:45:00,000,+0.08,+0.001,-0.03,+38.7,0.5,0.002,72,22.7,0.46,122,10,NaN,NaN,7075,16,60,,60,0.5,FE-SEM measured thickness,0.1171,NaN,NaN,NaN,NaN,
18613,1693557900.25,2023-09-01 08:45:00,250,+0.10,+0.001,-0.01,+38.7,0.5,0.002,72,22.7,0.46,122,10,NaN,NaN,7075,16,60,,60,0.5,FE-SEM measured thickness,0.1171,NaN,NaN,NaN,NaN,
18614,1693557900.5,2023-09-01 08:45:00,500,+0.12,+0.001,-0.02,+38.7,0.5,0.002,72,22.7,0.46,122,10,NaN,NaN,7075,16,60,,60,0.5,FE-SEM measured thickness,0.1171,NaN,NaN,NaN,NaN,
18615,1693557900.75,2023-09-01 08:45:00,750,+0.12,+0.001,-0.01,+38.7,0.5,0.002,72,22.7,0.46,122,10,NaN,NaN,7075,16,60,,60,0.5,FE-SEM measured thickness,0.1171,NaN,NaN,NaN,NaN,
18616,1693557901,2023-09-01 08:45:01,000,+0.13,+0.002,-0.01,+38.7,0.5,0.004,72,22.7,0.46,122,10,NaN,NaN,7075,16,60,,60,0.5,FE-SEM measured thickness,0.1171,NaN,NaN,NaN,NaN,
18617,1693557901.25,2023-09-01 08:45:01,250,+0.13,+0.002,-0.01,+38.7,0.5,0.004,72,22.7,0.46,122,10,NaN,NaN,7075,16,60,,60,0.5,FE-SEM measured thickness,0.1171,NaN,NaN,NaN,NaN,
18618,1693557901.5,2023-09-01 08:45:01,500,+0.14,+0.002,-0.01,+38.7,0.5,0.004,72,22.7,0.46,122,10,NaN,NaN,7075,16,60,,60,0.5,FE-SEM measured thickness,0.1171,NaN,NaN,NaN,NaN,
18619,1693557901.75,2023-09-01 08:45:01,750,+0.14,+0.002,-0.01,+38.7,0.5,0.004,72,22.7,0.46,122,10,NaN,NaN,7075,16,60,,60,0.5,FE-SEM measured thickness,0.1171,NaN,NaN,NaN,NaN,
18620,1693557902,2023-09-01 08:45:02,000,+0.14,+0.002,-0.01,+38.7,0.5,0.004,72,22.7,0.46,122,10,NaN,NaN,7075,16,60,,60,0.5,FE-SEM measured thickness,0.1171,NaN,NaN,NaN,NaN,
18621,1693557902.25,2023-09-01 08:45:02,250,+0.14,+0.002,-0.01,+38.7,0.5,0.004,72,22.7,0.46,122,10,NaN,NaN,7075,16,60,,60,0.5,FE-SEM measured thickness,0.1171,NaN,NaN,NaN,NaN,
18622,1693557902.5,2023-09-01 08:45:02,500,+0.14,+0.002,-0.02,+38.7,0.5,0.004,72,22.7,0.46,122,10,NaN,NaN,7075,16,60,,60,0.5,FE-SEM measured thickness,0.1171,NaN,NaN,NaN,NaN,
18623,1693557902.75,2023-09-01 08:45:02,750,+0.14,+0.002,-0.01,+38.7,0.5,0.004,72,22.7,0.46,122,10,NaN,NaN,7075,16,60,,60,0.5,FE-SEM measured thickness,0.1171,NaN,NaN,NaN,NaN,
18624,1693557903,2023-09-01 08:45:03,000,+0.14,+0.002,-0.03,+38.7,0.5,0.004,72,22.7,0.46,122,10,NaN,NaN,7075,16,60,,60,0.5,FE-SEM measured thickness,0.1171,NaN,NaN,NaN,NaN,
18625,1693557903.25,2023-09-01 08:45:03,250,+0.14,+0.001,-0.02,+38.6,0.5,0.002,72,22.7,0.46,122,10,NaN,NaN,7075,16,60,,60,0.5,FE-SEM measured thickness,0.1171,NaN,NaN,NaN,NaN,
18626,1693557903.5,2023-09-01 08:45:03,500,+0.15,+0.001,-0.02,+38.6,0.5,0.002,72,22.7,0.46,122,10,NaN,NaN,7075,16,60,,60,0.5,FE-SEM measured thickness,0.1171,NaN,NaN,NaN,NaN,
18627,1693557903.75,2023-09-01 08:45:03,750,+0.15,+0.001,-0.01,+38.6,0.5,0.002,72,22.7,0.46,122,10,NaN,NaN,7075,16,60,,60,0.5,FE-SEM measured thickness,0.1171,NaN,NaN,NaN,NaN,
18628,1693557904,2023-09-01 08:45:04,000,+0.15,+0.001,-0.01,+38.6,0.5,0.002,72,22.7,0.46,122,10,NaN,NaN,7075,16,60,,60,0.5,FE-SEM measured thickness,0.1171,NaN,NaN,NaN,NaN,
18629,1693557904.25,2023-09-01 08:45:04,250,+0.15,+0.001,+0.00,+38.6,0.5,0.002,72,22.7,0.46,122,10,NaN,NaN,7075,16,60,,60,0.5,FE-SEM measured thickness,0.1171,NaN,NaN,NaN,NaN,
18630,1693557904.5,2023-09-01 08:45:04,500,+0.16,+0.001,-0.01,+38.6,0.5,0.002,72,22.7,0.46,122,10,NaN,NaN,7075,16,60,,60,0.5,FE-SEM measured thickness,0.1171,NaN,NaN,NaN,NaN,
18631,1693557904.75,2023-09-01 08:45:04,750,+0.16,+0.002,+0.00,+38.6,0.5,0.004,72,22.7,0.46,122,10,NaN,NaN,7075,16,60,,60,0.5,FE-SEM measured thickness,0.1171,NaN,NaN,NaN,NaN,
18632,1693557905,2023-09-01 08:45:05,000,+0.16,+0.002,-0.01,+38.6,0.5,0.004,72,22.7,0.46,122,10,NaN,NaN,7075,16,60,,60,0.5,FE-SEM measured thickness,0.1171,NaN,NaN,NaN,NaN,
18633,1693557905.25,2023-09-01 08:45:05,250,+0.16,+0.002,+0.00,+38.6,0.5,0.004,72,22.7,0.46,122,10,NaN,NaN,7075,16,60,,60,0.5,FE-SEM measured thickness,0.1171,NaN,NaN,NaN,NaN,
18634,1693557905.5,2023-09-01 08:45:05,500,+0.16,+0.002,-0.01,+38.6,0.5,0.004,72,22.7,0.46,122,10,NaN,NaN,7075,16,60,,60,0.5,FE-SEM measured thickness,0.1171,NaN,NaN,NaN,NaN,
18635,1693557905.75,2023-09-01 08:45:05,750,+0.17,+0.002,+0.00,+38.6,0.5,0.004,72,22.7,0.46,122,10,NaN,NaN,7075,16,60,,60,0.5,FE-SEM measured thickness,0.1171,NaN,NaN,NaN,NaN,
18636,1693557906,2023-09-01 08:45:06,000,+0.17,+0.002,-0.01,+38.6,0.5,0.004,72,22.7,0.46,122,10,NaN,NaN,7075,16,60,,60,0.5,FE-SEM measured thickness,0.1171,NaN,NaN,NaN,NaN,
18637,1693557906.25,2023-09-01 08:45:06,250,+0.17,+0.001,+0.00,+38.6,0.5,0.002,72,22.7,0.46,122,10,NaN,NaN,7075,16,60,,60,0.5,FE-SEM measured thickness,0.1171,NaN,NaN,NaN,NaN,
18638,1693557906.5,2023-09-01 08:45:06,500,+0.17,+0.001,-0.01,+38.6,0.5,0.002,72,22.7,0.46,122,10,NaN,NaN,7075,16,60,,60,0.5,FE-SEM measured thickness,0.1171,NaN,NaN,NaN,NaN,
18639,1693557906.75,2023-09-01 08:45:06,750,+0.17,+0.001,+0.00,+38.6,0.5,0.002,72,22.7,0.46,122,10,NaN,NaN,7075,16,60,,60,0.5,FE-SEM measured thickness,0.1171,NaN,NaN,NaN,NaN,
18640,1693557907,2023-09-01 08:45:07,000,+0.17,+0.001,-0.01,+38.6,0.5,0.002,72,22.7,0.46,122,10,NaN,NaN,7075,16,60,,60,0.5,FE-SEM measured thickness,0.1171,NaN,NaN,NaN,NaN,
18641,1693557907.25,2023-09-01 08:45:07,250,+0.17,+0.001,+0.00,+38.6,0.5,0.002,72,22.7,0.46,122,10,NaN,NaN,7075,16,60,,60,0.5,FE-SEM measured thickness,0.1171,NaN,NaN,NaN,NaN,
18642,1693557907.5,2023-09-01 08:45:07,500,+0.17,+0.001,-0.01,+38.6,0.5,0.002,72,22.7,0.46,122,10,NaN,NaN,7075,16,60,,60,0.5,FE-SEM measured thickness,0.1171,NaN,NaN,NaN,NaN,
18643,1693557907.75,2023-09-01 08:45:07,750,+0.18,+0.001,+0.00,+38.6,0.5,0.002,72,22.7,0.46,122,10,NaN,NaN,7075,16,60,,60,0.5,FE-SEM measured thickness,0.1171,NaN,NaN,NaN,NaN,
18644,1693557908,2023-09-01 08:45:08,000,+0.17,+0.001,-0.01,+38.6,0.5,0.002,72,22.7,0.46,122,10,NaN,NaN,7075,16,60,,60,0.5,FE-SEM measured thickness,0.1171,NaN,NaN,NaN,NaN,
18645,1693557908.25,2023-09-01 08:45:08,250,+0.18,+0.001,+0.00,+38.6,0.5,0.002,72,22.7,0.46,122,10,NaN,NaN,7075,16,60,,60,0.5,FE-SEM measured thickness,0.1171,NaN,NaN,NaN,NaN,
18646,1693557908.5,2023-09-01 08:45:08,500,+0.18,+0.001,-0.01,+38.6,0.5,0.002,72,22.7,0.46,122,10,NaN,NaN,7075,16,60,,60,0.5,FE-SEM measured thickness,0.1171,NaN,NaN,NaN,NaN,
18647,1693557908.75,2023-09-01 08:45:08,750,+0.18,+0.002,-0.01,+38.6,0.5,0.004,72,22.7,0.46,122,10,NaN,NaN,7075,16,60,,60,0.5,FE-SEM measured thickness,0.1171,NaN,NaN,NaN,NaN,
18648,1693557909,2023-09-01 08:45:09,000,+0.18,+0.002,-0.01,+38.6,0.5,0.004,72,22.7,0.46,122,10,NaN,NaN,7075,16,60,,60,0.5,FE-SEM measured thickness,0.1171,NaN,NaN,NaN,NaN,
18649,1693557909.25,2023-09-01 08:45:09,250,+0.18,+0.002,-0.01,+38.6,0.5,0.004,72,22.7,0.46,122,10,NaN,NaN,7075,16,60,,60,0.5,FE-SEM measured thickness,0.1171,NaN,NaN,NaN,NaN,
18650,1693557909.5,2023-09-01 08:45:09,500,+0.18,+0.002,-0.01,+38.6,0.5,0.004,72,22.7,0.46,122,10,NaN,NaN,7075,16,60,,60,0.5,FE-SEM measured thickness,0.1171,NaN,NaN,NaN,NaN,
18651,1693557909.75,2023-09-01 08:45:09,750,+0.18,+0.002,-0.01,+38.6,0.5,0.004,72,22.7,0.46,122,10,NaN,NaN,7075,16,60,,60,0.5,FE-SEM measured thickness,0.1171,NaN,NaN,NaN,NaN,
18652,1693557910,2023-09-01 08:45:10,000,+0.18,+0.002,-0.01,+38.6,0.5,0.004,72,22.7,0.46,122,10,NaN,NaN,7075,16,60,,60,0.5,FE-SEM measured thickness,0.1171,NaN,NaN,NaN,NaN,
18653,1693557910.25,2023-09-01 08:45:10,250,+0.18,+0.002,-0.02,+38.6,0.5,0.004,72,22.7,0.46,122,10,NaN,NaN,7075,16,60,,60,0.5,FE-SEM measured thickness,0.1171,NaN,NaN,NaN,NaN,
18654,1693557910.5,2023-09-01 08:45:10,500,+0.18,+0.002,-0.02,+38.6,0.5,0.004,72,22.7,0.46,122,10,NaN,NaN,7075,16,60,,60,0.5,FE-SEM measured thickness,0.1171,NaN,NaN,NaN,NaN,
18655,1693557910.75,2023-09-01 08:45:10,750,+0.18,+0.002,-0.02,+38.7,0.5,0.004,72,22.7,0.46,122,10,NaN,NaN,7075,16,60,,60,0.5,FE-SEM measured thickness,0.1171,NaN,NaN,NaN,NaN,
18656,1693557911,2023-09-01 08:45:11,000,+0.18,+0.002,-0.01,+38.6,0.5,0.004,72,22.7,0.46,122,10,NaN,NaN,7075,16,60,,60,0.5,FE-SEM measured thickness,0.1171,NaN,NaN,NaN,NaN,
18657,1693557911.25,2023-09-01 08:45:11,250,+0.18,+0.002,-0.02,+38.7,0.5,0.004,72,22.7,0.46,122,10,NaN,NaN,7075,16,60,,60,0.5,FE-SEM measured thickness,0.1171,NaN,NaN,NaN,NaN,
18658,1693557911.5,2023-09-01 08:45:11,500,+0.18,+0.002,-0.02,+38.7,0.5,0.004,72,22.7,0.46,122,10,NaN,NaN,7075,16,60,,60,0.5,FE-SEM measured thickness,0.1171,NaN,NaN,NaN,NaN,
18659,1693557911.75,2023-09-01 08:45:11,750,+0.18,+0.002,-0.02,+38.7,0.5,0.004,72,22.7,0.46,122,10,NaN,NaN,7075,16,60,,60,0.5,FE-SEM measured thickness,0.1171,NaN,NaN,NaN,NaN,
18660,1693557912,2023-09-01 08:45:12,000,+0.19,+0.002,-0.02,+38.7,0.5,0.004,72,22.7,0.46,122,10,NaN,NaN,7075,16,60,,60,0.5,FE-SEM measured thickness,0.1171,NaN,NaN,NaN,NaN,
18661,1693557912.25,2023-09-01 08:45:12,250,+0.18,+0.002,-0.02,+38.7,0.5,0.004,72,22.7,0.46,122,10,NaN,NaN,7075,16,60,,60,0.5,FE-SEM measured thickness,0.1171,NaN,NaN,NaN,NaN,
18662,1693557912.5,2023-09-01 08:45:12,500,+0.19,+0.002,-0.02,+38.7,0.5,0.004,72,22.7,0.46,122,10,NaN,NaN,7075,16,60,,60,0.5,FE-SEM measured thickness,0.1171,NaN,NaN,NaN,NaN,
18663,1693557912.75,2023-09-01 08:45:12,750,+0.19,+0.002,-0.01,+38.7,0.5,0.004,72,22.7,0.46,122,10,NaN,NaN,7075,16,60,,60,0.5,FE-SEM measured thickness,0.1171,NaN,NaN,NaN,NaN,
18664,1693557913,2023-09-01 08:45:13,000,+0.19,+0.002,-0.01,+38.7,0.5,0.004,72,22.7,0.46,122,10,NaN,NaN,7075,16,60,,60,0.5,FE-SEM measured thickness,0.1171,NaN,NaN,NaN,NaN,
18665,1693557913.25,2023-09-01 08:45:13,250,+0.19,+0.002,-0.01,+38.7,0.5,0.004,72,22.7,0.46,122,10,NaN,NaN,7075,16,60,,60,0.5,FE-SEM measured thickness,0.1171,NaN,NaN,NaN,NaN,
18666,1693557913.5,2023-09-01 08:45:13,500,+0.19,+0.002,-0.01,+38.7,0.5,0.004,72,22.7,0.46,122,10,NaN,NaN,7075,16,60,,60,0.5,FE-SEM measured thickness,0.1171,NaN,NaN,NaN,NaN,
18667,1693557913.75,2023-09-01 08:45:13,750,+0.19,+0.002,+0.00,+38.7,0.5,0.004,72,22.7,0.46,122,10,NaN,NaN,7075,16,60,,60,0.5,FE-SEM measured thickness,0.1171,NaN,NaN,NaN,NaN,
18668,1693557914,2023-09-01 08:45:14,000,+0.19,+0.001,+0.00,+38.7,0.5,0.002,72,22.7,0.46,122,10,NaN,NaN,7075,16,60,,60,0.5,FE-SEM measured thickness,0.1171,NaN,NaN,NaN,NaN,
18669,1693557914.25,2023-09-01 08:45:14,250,+0.19,+0.001,+0.00,+38.7,0.5,0.002,72,22.7,0.46,122,10,NaN,NaN,7075,16,60,,60,0.5,FE-SEM measured thickness,0.1171,NaN,NaN,NaN,NaN,
18670,1693557914.5,2023-09-01 08:45:14,500,+0.19,+0.001,+0.01,+38.7,0.5,0.002,72,22.7,0.46,122,10,NaN,NaN,7075,16,60,,60,0.5,FE-SEM measured thickness,0.1171,NaN,NaN,NaN,NaN,
18671,1693557914.75,2023-09-01 08:45:14,750,+0.19,+0.001,+0.01,+38.7,0.5,0.002,72,22.7,0.46,122,10,NaN,NaN,7075,16,60,,60,0.5,FE-SEM measured thickness,0.1171,NaN,NaN,NaN,NaN,
18672,1693557915,2023-09-01 08:45:15,000,+0.19,+0.002,+0.01,+38.7,0.5,0.004,72,22.7,0.46,122,10,NaN,NaN,7075,16,60,,60,0.5,FE-SEM measured thickness,0.1171,NaN,NaN,NaN,NaN,
18673,1693557915.25,2023-09-01 08:45:15,250,+0.19,+0.002,+0.01,+38.7,0.5,0.004,72,22.7,0.46,122,10,NaN,NaN,7075,16,60,,60,0.5,FE-SEM measured thickness,0.1171,NaN,NaN,NaN,NaN,
18674,1693557915.5,2023-09-01 08:45:15,500,+0.19,+0.002,+0.01,+38.7,0.5,0.004,72,22.7,0.46,122,10,NaN,NaN,7075,16,60,,60,0.5,FE-SEM measured thickness,0.1171,NaN,NaN,NaN,NaN,
18675,1693557915.75,2023-09-01 08:45:15,750,+0.19,+0.002,+0.01,+38.7,0.5,0.004,72,22.7,0.46,122,10,NaN,NaN,7075,16,60,,60,0.5,FE-SEM measured thickness,0.1171,NaN,NaN,NaN,NaN,
18676,1693557916,2023-09-01 08:45:16,000,+0.19,+0.002,+0.01,+38.7,0.5,0.004,72,22.7,0.46,122,10,NaN,NaN,7075,16,60,,60,0.5,FE-SEM measured thickness,0.1171,NaN,NaN,NaN,NaN,
18677,1693557916.25,2023-09-01 08:45:16,250,+0.19,+0.002,+0.01,+38.7,0.5,0.004,72,22.7,0.46,122,10,NaN,NaN,7075,16,60,,60,0.5,FE-SEM measured thickness,0.1171,NaN,NaN,NaN,NaN,
18678,1693557916.5,2023-09-01 08:45:16,500,+0.19,+0.002,+0.01,+38.7,0.5,0.004,72,22.7,0.46,122,10,NaN,NaN,7075,16,60,,60,0.5,FE-SEM measured thickness,0.1171,NaN,NaN,NaN,NaN,
18679,1693557916.75,2023-09-01 08:45:16,750,+0.19,+0.002,+0.01,+38.7,0.5,0.004,72,22.7,0.46,122,10,NaN,NaN,7075,16,60,,60,0.5,FE-SEM measured thickness,0.1171,NaN,NaN,NaN,NaN,
18680,1693557917,2023-09-01 08:45:17,000,+0.19,+0.002,+0.01,+38.7,0.5,0.004,72,22.7,0.46,122,10,NaN,NaN,7075,16,60,,60,0.5,FE-SEM measured thickness,0.1171,NaN,NaN,NaN,NaN,
18681,1693557917.25,2023-09-01 08:45:17,250,+0.19,+0.002,+0.00,+38.7,0.5,0.004,72,22.7,0.46,122,10,NaN,NaN,7075,16,60,,60,0.5,FE-SEM measured thickness,0.1171,NaN,NaN,NaN,NaN,
18682,1693557917.5,2023-09-01 08:45:17,500,+0.19,+0.002,+0.01,+38.7,0.5,0.004,72,22.7,0.46,122,10,NaN,NaN,7075,16,60,,60,0.5,FE-SEM measured thickness,0.1171,NaN,NaN,NaN,NaN,
18683,1693557917.75,2023-09-01 08:45:17,750,+0.19,+0.002,+0.00,+38.7,0.5,0.004,72,22.7,0.46,122,10,NaN,NaN,7075,16,60,,60,0.5,FE-SEM measured thickness,0.1171,NaN,NaN,NaN,NaN,
18684,1693557918,2023-09-01 08:45:18,000,+0.19,+0.002,+0.01,+38.7,0.5,0.004,72,22.7,0.46,122,10,NaN,NaN,7075,16,60,,60,0.5,FE-SEM measured thickness,0.1171,NaN,NaN,NaN,NaN,
18685,1693557918.25,2023-09-01 08:45:18,250,+0.19,+0.002,+0.00,+38.7,0.5,0.004,72,22.7,0.46,122,10,NaN,NaN,7075,16,60,,60,0.5,FE-SEM measured thickness,0.1171,NaN,NaN,NaN,NaN,
18686,1693557918.5,2023-09-01 08:45:18,500,+0.19,+0.002,+0.01,+38.7,0.5,0.004,72,22.7,0.46,122,10,NaN,NaN,7075,16,60,,60,0.5,FE-SEM measured thickness,0.1171,NaN,NaN,NaN,NaN,
18687,1693557918.75,2023-09-01 08:45:18,750,+0.19,+0.002,+0.00,+38.7,0.5,0.004,72,22.7,0.46,122,10,NaN,NaN,7075,16,60,,60,0.5,FE-SEM measured thickness,0.1171,NaN,NaN,NaN,NaN,
18688,1693557919,2023-09-01 08:45:19,000,+0.19,+0.002,+0.01,+38.7,0.5,0.004,72,22.7,0.46,122,10,NaN,NaN,7075,16,60,,60,0.5,FE-SEM measured thickness,0.1171,NaN,NaN,NaN,NaN,
18689,1693557919.25,2023-09-01 08:45:19,250,+0.19,+0.002,+0.00,+38.7,0.5,0.004,72,22.7,0.46,122,10,NaN,NaN,7075,16,60,,60,0.5,FE-SEM measured thickness,0.1171,NaN,NaN,NaN,NaN,
18690,1693557919.5,2023-09-01 08:45:19,500,+0.19,+0.002,+0.00,+38.7,0.5,0.004,72,22.7,0.46,122,10,NaN,NaN,7075,16,60,,60,0.5,FE-SEM measured thickness,0.1171,NaN,NaN,NaN,NaN,
18691,1693557919.75,2023-09-01 08:45:19,750,+0.19,+0.002,-0.01,+38.7,0.5,0.004,72,22.7,0.46,122,10,NaN,NaN,7075,16,60,,60,0.5,FE-SEM measured thickness,0.1171,NaN,NaN,NaN,NaN,
18692,1693557920,2023-09-01 08:45:20,000,+0.19,+0.002,-0.01,+38.7,0.5,0.004,72,22.7,0.46,122,10,NaN,NaN,7075,16,60,,60,0.5,FE-SEM measured thickness,0.1171,NaN,NaN,NaN,NaN,
18693,1693557920.25,2023-09-01 08:45:20,250,+0.19,+0.002,-0.01,+38.7,0.5,0.004,72,22.7,0.46,122,10,NaN,NaN,7075,16,60,,60,0.5,FE-SEM measured thickness,0.1171,NaN,NaN,NaN,NaN,
18694,1693557920.5,2023-09-01 08:45:20,500,+0.19,+0.002,-0.01,+38.7,0.5,0.004,72,22.7,0.46,122,10,NaN,NaN,7075,16,60,,60,0.5,FE-SEM measured thickness,0.1171,NaN,NaN,NaN,NaN,
18695,1693557920.75,2023-09-01 08:45:20,750,+0.19,+0.002,-0.01,+38.7,0.5,0.004,72,22.7,0.46,122,10,NaN,NaN,7075,16,60,,60,0.5,FE-SEM measured thickness,0.1171,NaN,NaN,NaN,NaN,
18696,1693557921,2023-09-01 08:45:21,000,+0.19,+0.002,-0.01,+38.7,0.5,0.004,72,22.7,0.46,122,10,NaN,NaN,7075,16,60,,60,0.5,FE-SEM measured thickness,0.1171,NaN,NaN,NaN,NaN,
18697,1693557921.25,2023-09-01 08:45:21,250,+0.19,+0.001,-0.01,+38.7,0.5,0.002,72,22.7,0.46,122,10,NaN,NaN,7075,16,60,,60,0.5,FE-SEM measured thickness,0.1171,NaN,NaN,NaN,NaN,
18698,1693557921.5,2023-09-01 08:45:21,500,+0.19,+0.001,-0.01,+38.7,0.5,0.002,72,22.7,0.46,122,10,NaN,NaN,7075,16,60,,60,0.5,FE-SEM measured thickness,0.1171,NaN,NaN,NaN,NaN,
18699,1693557921.75,2023-09-01 08:45:21,750,+0.19,+0.001,-0.01,+38.7,0.5,0.002,72,22.7,0.46,122,10,NaN,NaN,7075,16,60,,60,0.5,FE-SEM measured thickness,0.1171,NaN,NaN,NaN,NaN,
18700,1693557922,2023-09-01 08:45:22,000,+0.19,+0.001,+0.00,+38.7,0.5,0.002,72,22.7,0.46,122,10,NaN,NaN,7075,16,60,,60,0.5,FE-SEM measured thickness,0.1171,NaN,NaN,NaN,NaN,
18701,1693557922.25,2023-09-01 08:45:22,250,+0.19,+0.001,-0.01,+38.7,0.5,0.002,72,22.7,0.46,122,10,NaN,NaN,7075,16,60,,60,0.5,FE-SEM measured thickness,0.1171,NaN,NaN,NaN,NaN,
18702,1693557922.5,2023-09-01 08:45:22,500,+0.19,+0.001,+0.00,+38.7,0.5,0.002,72,22.7,0.46,122,10,NaN,NaN,7075,16,60,,60,0.5,FE-SEM measured thickness,0.1171,NaN,NaN,NaN,NaN,
18703,1693557922.75,2023-09-01 08:45:22,750,+0.19,+0.001,-0.01,+38.7,0.5,0.002,72,22.7,0.46,122,10,NaN,NaN,7075,16,60,,60,0.5,FE-SEM measured thickness,0.1171,NaN,NaN,NaN,NaN,
18704,1693557923,2023-09-01 08:45:23,000,+0.19,+0.001,+0.00,+38.7,0.5,0.002,72,22.7,0.46,122,10,NaN,NaN,7075,16,60,,60,0.5,FE-SEM measured thickness,0.1171,NaN,NaN,NaN,NaN,
18705,1693557923.25,2023-09-01 08:45:23,250,+0.19,+0.001,-0.01,+38.6,0.5,0.002,72,22.7,0.46,122,10,NaN,NaN,7075,16,60,,60,0.5,FE-SEM measured thickness,0.1171,NaN,NaN,NaN,NaN,
18706,1693557923.5,2023-09-01 08:45:23,500,+0.19,+0.001,+0.00,+38.6,0.5,0.002,72,22.7,0.46,122,10,NaN,NaN,7075,16,60,,60,0.5,FE-SEM measured thickness,0.1171,NaN,NaN,NaN,NaN,
18707,1693557923.75,2023-09-01 08:45:23,750,+0.19,+0.001,-0.01,+38.7,0.5,0.002,72,22.7,0.46,122,10,NaN,NaN,7075,16,60,,60,0.5,FE-SEM measured thickness,0.1171,NaN,NaN,NaN,NaN,
18708,1693557924,2023-09-01 08:45:24,000,+0.19,+0.001,-0.01,+38.7,0.5,0.002,72,22.7,0.46,122,10,NaN,NaN,7075,16,60,,60,0.5,FE-SEM measured thickness,0.1171,NaN,NaN,NaN,NaN,
18709,1693557924.25,2023-09-01 08:45:24,250,+0.19,+0.002,-0.01,+38.7,0.5,0.004,72,22.7,0.46,122,10,NaN,NaN,7075,16,60,,60,0.5,FE-SEM measured thickness,0.1171,NaN,NaN,NaN,NaN,
18710,1693557924.5,2023-09-01 08:45:24,500,+0.18,+0.002,-0.01,+38.7,0.5,0.004,72,22.7,0.46,122,10,NaN,NaN,7075,16,60,,60,0.5,FE-SEM measured thickness,0.1171,NaN,NaN,NaN,NaN,
18711,1693557924.75,2023-09-01 08:45:24,750,+0.18,+0.002,-0.01,+38.7,0.5,0.004,72,22.7,0.46,122,10,NaN,NaN,7075,16,60,,60,0.5,FE-SEM measured thickness,0.1171,NaN,NaN,NaN,NaN,
18712,1693557925,2023-09-01 08:45:25,000,+0.18,+0.002,-0.01,+38.7,0.5,0.004,72,22.7,0.46,122,10,NaN,NaN,7075,16,60,,60,0.5,FE-SEM measured thickness,0.1171,NaN,NaN,NaN,NaN,
18713,1693557925.25,2023-09-01 08:45:25,250,+0.18,+0.002,-0.01,+38.7,0.5,0.004,72,22.7,0.46,122,10,NaN,NaN,7075,16,60,,60,0.5,FE-SEM measured thickness,0.1171,NaN,NaN,NaN,NaN,
18714,1693557925.5,2023-09-01 08:45:25,500,+0.18,+0.002,-0.01,+38.7,0.5,0.004,72,22.7,0.46,122,10,NaN,NaN,7075,16,60,,60,0.5,FE-SEM measured thickness,0.1171,NaN,NaN,NaN,NaN,
18715,1693557925.75,2023-09-01 08:45:25,750,+0.18,+0.002,-0.01,+38.7,0.5,0.004,72,22.7,0.46,122,10,NaN,NaN,7075,16,60,,60,0.5,FE-SEM measured thickness,0.1171,NaN,NaN,NaN,NaN,
18716,1693557926,2023-09-01 08:45:26,000,+0.18,+0.002,-0.01,+38.7,0.5,0.004,72,22.7,0.46,122,10,NaN,NaN,7075,16,60,,60,0.5,FE-SEM measured thickness,0.1171,NaN,NaN,NaN,NaN,
18717,1693557926.25,2023-09-01 08:45:26,250,+0.18,+0.002,-0.01,+38.7,0.5,0.004,72,22.7,0.46,122,10,NaN,NaN,7075,16,60,,60,0.5,FE-SEM measured thickness,0.1171,NaN,NaN,NaN,NaN,
18718,1693557926.5,2023-09-01 08:45:26,500,+0.18,+0.002,-0.01,+38.7,0.5,0.004,72,22.7,0.46,122,10,NaN,NaN,7075,16,60,,60,0.5,FE-SEM measured thickness,0.1171,NaN,NaN,NaN,NaN,
18719,1693557926.75,2023-09-01 08:45:26,750,+0.18,+0.002,-0.02,+38.7,0.5,0.004,72,22.7,0.46,122,10,NaN,NaN,7075,16,60,,60,0.5,FE-SEM measured thickness,0.1171,NaN,NaN,NaN,NaN,
18720,1693557927,2023-09-01 08:45:27,000,+0.18,+0.002,-0.01,+38.7,0.5,0.004,72,22.7,0.46,122,10,NaN,NaN,7075,16,60,,60,0.5,FE-SEM measured thickness,0.1171,NaN,NaN,NaN,NaN,
18721,1693557927.25,2023-09-01 08:45:27,250,+0.18,+0.002,-0.01,+38.7,0.5,0.004,72,22.7,0.46,122,10,NaN,NaN,7075,16,60,,60,0.5,FE-SEM measured thickness,0.1171,NaN,NaN,NaN,NaN,
18722,1693557927.5,2023-09-01 08:45:27,500,+0.18,+0.002,-0.01,+38.7,0.5,0.004,72,22.7,0.46,122,10,NaN,NaN,7075,16,60,,60,0.5,FE-SEM measured thickness,0.1171,NaN,NaN,NaN,NaN,
18723,1693557927.75,2023-09-01 08:45:27,750,+0.18,+0.002,-0.01,+38.7,0.5,0.004,72,22.7,0.46,122,10,NaN,NaN,7075,16,60,,60,0.5,FE-SEM measured thickness,0.1171,NaN,NaN,NaN,NaN,
18724,1693557928,2023-09-01 08:45:28,000,+0.18,+0.002,-0.01,+38.7,0.5,0.004,72,22.7,0.46,122,10,NaN,NaN,7075,16,60,,60,0.5,FE-SEM measured thickness,0.1171,NaN,NaN,NaN,NaN,
18725,1693557928.25,2023-09-01 08:45:28,250,+0.18,+0.002,-0.02,+38.7,0.5,0.004,72,22.7,0.46,122,10,NaN,NaN,7075,16,60,,60,0.5,FE-SEM measured thickness,0.1171,NaN,NaN,NaN,NaN,
18726,1693557928.5,2023-09-01 08:45:28,500,+0.18,+0.002,-0.02,+38.7,0.5,0.004,72,22.7,0.46,122,10,NaN,NaN,7075,16,60,,60,0.5,FE-SEM measured thickness,0.1171,NaN,NaN,NaN,NaN,
18727,1693557928.75,2023-09-01 08:45:28,750,+0.18,+0.002,-0.02,+38.7,0.5,0.004,72,22.7,0.46,122,10,NaN,NaN,7075,16,60,,60,0.5,FE-SEM measured thickness,0.1171,NaN,NaN,NaN,NaN,
18728,1693557929,2023-09-01 08:45:29,000,+0.18,+0.002,-0.02,+38.7,0.5,0.004,72,22.7,0.46,122,10,NaN,NaN,7075,16,60,,60,0.5,FE-SEM measured thickness,0.1171,NaN,NaN,NaN,NaN,
18729,1693557929.25,2023-09-01 08:45:29,250,+0.18,+0.002,-0.02,+38.7,0.5,0.004,72,22.7,0.46,122,10,NaN,NaN,7075,16,60,,60,0.5,FE-SEM measured thickness,0.1171,NaN,NaN,NaN,NaN,
18730,1693557929.5,2023-09-01 08:45:29,500,+0.18,+0.002,-0.02,+38.7,0.5,0.004,72,22.7,0.46,122,10,NaN,NaN,7075,16,60,,60,0.5,FE-SEM measured thickness,0.1171,NaN,NaN,NaN,NaN,
18731,1693557929.75,2023-09-01 08:45:29,750,+0.18,+0.002,-0.02,+38.7,0.5,0.004,72,22.7,0.46,122,10,NaN,NaN,7075,16,60,,60,0.5,FE-SEM measured thickness,0.1171,NaN,NaN,NaN,NaN,
18732,1693557930,2023-09-01 08:45:30,000,+0.18,+0.002,-0.03,+38.7,0.5,0.004,72,22.7,0.46,122,10,NaN,NaN,7075,16,60,,60,0.5,FE-SEM measured thickness,0.1171,NaN,NaN,NaN,NaN,
18733,1693557930.25,2023-09-01 08:45:30,250,+0.18,+0.002,-0.03,+38.7,0.5,0.004,72,22.7,0.46,122,10,NaN,NaN,7075,16,60,,60,0.5,FE-SEM measured thickness,0.1171,NaN,NaN,NaN,NaN,
18734,1693557930.5,2023-09-01 08:45:30,500,+0.18,+0.002,-0.03,+38.7,0.5,0.004,72,22.7,0.46,122,10,NaN,NaN,7075,16,60,,60,0.5,FE-SEM measured thickness,0.1171,NaN,NaN,NaN,NaN,
18735,1693557930.75,2023-09-01 08:45:30,750,+0.18,+0.002,-0.03,+38.7,0.5,0.004,72,22.7,0.46,122,10,NaN,NaN,7075,16,60,,60,0.5,FE-SEM measured thickness,0.1171,NaN,NaN,NaN,NaN,
18736,1693557931,2023-09-01 08:45:31,000,+0.17,+0.002,-0.03,+38.7,0.5,0.004,72,22.7,0.46,122,10,NaN,NaN,7075,16,60,,60,0.5,FE-SEM measured thickness,0.1171,NaN,NaN,NaN,NaN,
18737,1693557931.25,2023-09-01 08:45:31,250,+0.17,+0.002,-0.03,+38.7,0.5,0.004,72,22.7,0.46,122,10,NaN,NaN,7075,16,60,,60,0.5,FE-SEM measured thickness,0.1171,NaN,NaN,NaN,NaN,
18738,1693557931.5,2023-09-01 08:45:31,500,+0.17,+0.002,-0.03,+38.7,0.5,0.004,72,22.7,0.46,122,10,NaN,NaN,7075,16,60,,60,0.5,FE-SEM measured thickness,0.1171,NaN,NaN,NaN,NaN,
18739,1693557931.75,2023-09-01 08:45:31,750,+0.17,+0.002,-0.03,+38.7,0.5,0.004,72,22.7,0.46,122,10,NaN,NaN,7075,16,60,,60,0.5,FE-SEM measured thickness,0.1171,NaN,NaN,NaN,NaN,
18740,1693557932,2023-09-01 08:45:32,000,+0.17,+0.001,-0.03,+38.7,0.5,0.002,72,22.7,0.46,122,10,NaN,NaN,7075,16,60,,60,0.5,FE-SEM measured thickness,0.1171,NaN,NaN,NaN,NaN,
18741,1693557932.25,2023-09-01 08:45:32,250,+0.17,+0.001,-0.02,+38.7,0.5,0.002,72,22.7,0.46,122,10,NaN,NaN,7075,16,60,,60,0.5,FE-SEM measured thickness,0.1171,NaN,NaN,NaN,NaN,
18742,1693557932.5,2023-09-01 08:45:32,500,+0.17,+0.001,-0.02,+38.7,0.5,0.002,72,22.7,0.46,122,10,NaN,NaN,7075,16,60,,60,0.5,FE-SEM measured thickness,0.1171,NaN,NaN,NaN,NaN,
18743,1693557932.75,2023-09-01 08:45:32,750,+0.17,+0.001,-0.01,+38.7,0.5,0.002,72,22.7,0.46,122,10,NaN,NaN,7075,16,60,,60,0.5,FE-SEM measured thickness,0.1171,NaN,NaN,NaN,NaN,
18744,1693557933,2023-09-01 08:45:33,000,+0.17,+0.001,-0.01,+38.7,0.5,0.002,72,22.7,0.46,122,10,NaN,NaN,7075,16,60,,60,0.5,FE-SEM measured thickness,0.1171,NaN,NaN,NaN,NaN,
18745,1693557933.25,2023-09-01 08:45:33,250,+0.17,+0.001,-0.01,+38.7,0.5,0.002,72,22.7,0.46,122,10,NaN,NaN,7075,16,60,,60,0.5,FE-SEM measured thickness,0.1171,NaN,NaN,NaN,NaN,
18746,1693557933.5,2023-09-01 08:45:33,500,+0.17,+0.001,+0.01,+38.7,0.5,0.002,72,22.7,0.46,122,10,NaN,NaN,7075,16,60,,60,0.5,FE-SEM measured thickness,0.1171,NaN,NaN,NaN,NaN,
18747,1693557933.75,2023-09-01 08:45:33,750,+0.27,+0.002,+0.01,+38.7,0.5,0.004,72,22.7,0.46,122,10,NaN,NaN,7075,16,60,,60,0.5,FE-SEM measured thickness,0.1171,NaN,NaN,NaN,NaN,
18748,1693557934,2023-09-01 08:45:34,000,+0.35,+0.003,-0.01,+38.7,0.5,0.006,72,22.7,0.46,122,10,NaN,NaN,7075,16,60,,60,0.5,FE-SEM measured thickness,0.1171,NaN,NaN,NaN,NaN,
18749,1693557934.25,2023-09-01 08:45:34,250,+0.39,+0.003,-0.01,+38.7,0.5,0.006,72,22.7,0.46,122,10,NaN,NaN,7075,16,60,,60,0.5,FE-SEM measured thickness,0.1171,NaN,NaN,NaN,NaN,
18750,1693557934.5,2023-09-01 08:45:34,500,+0.49,+0.006,-0.01,+38.7,0.5,0.012,72,22.7,0.46,122,10,NaN,NaN,7075,16,60,,60,0.5,FE-SEM measured thickness,0.1171,NaN,NaN,NaN,NaN,
18751,1693557934.75,2023-09-01 08:45:34,750,+0.56,+0.009,-0.03,+38.7,0.5,0.018,72,22.7,0.46,122,10,NaN,NaN,7075,16,60,,60,0.5,FE-SEM measured thickness,0.1171,NaN,NaN,NaN,NaN,
18752,1693557935,2023-09-01 08:45:35,000,+0.60,+0.013,-0.03,+38.7,0.5,0.026,72,22.7,0.46,122,10,NaN,NaN,7075,16,60,,60,0.5,FE-SEM measured thickness,0.1171,NaN,NaN,NaN,NaN,
18753,1693557935.25,2023-09-01 08:45:35,250,+0.69,+0.018,-0.03,+38.7,0.5,0.036,72,22.7,0.46,122,10,NaN,NaN,7075,16,60,,60,0.5,FE-SEM measured thickness,0.1171,NaN,NaN,NaN,NaN,
18754,1693557935.5,2023-09-01 08:45:35,500,+0.77,+0.025,-0.03,+38.7,0.5,0.05,72,22.7,0.46,122,10,NaN,NaN,7075,16,60,,60,0.5,FE-SEM measured thickness,0.1171,NaN,NaN,NaN,NaN,
18755,1693557935.75,2023-09-01 08:45:35,750,+0.80,+0.030,-0.03,+38.7,0.5,0.06,72,22.7,0.46,122,10,NaN,NaN,7075,16,60,,60,0.5,FE-SEM measured thickness,0.1171,NaN,NaN,NaN,NaN,
18756,1693557936,2023-09-01 08:45:36,000,+0.89,+0.037,-0.03,+38.7,0.5,0.074,72,22.7,0.46,122,10,NaN,NaN,7075,16,60,,60,0.5,FE-SEM measured thickness,0.1171,NaN,NaN,NaN,NaN,
18757,1693557936.25,2023-09-01 08:45:36,250,+0.97,+0.047,-0.03,+38.7,0.5,0.094,72,22.7,0.46,122,10,NaN,NaN,7075,16,60,,60,0.5,FE-SEM measured thickness,0.1171,NaN,NaN,NaN,NaN,
18758,1693557936.5,2023-09-01 08:45:36,500,+1.00,+0.053,-0.03,+38.7,0.5,0.106,72,22.7,0.46,122,10,NaN,NaN,7075,16,60,,60,0.5,FE-SEM measured thickness,0.1171,NaN,NaN,NaN,NaN,
18759,1693557936.75,2023-09-01 08:45:36,750,+1.09,+0.060,-0.03,+38.7,0.5,0.12,72,22.7,0.46,122,10,NaN,NaN,7075,16,60,,60,0.5,FE-SEM measured thickness,0.1171,NaN,NaN,NaN,NaN,
18760,1693557937,2023-09-01 08:45:37,000,+1.17,+0.072,-0.03,+38.7,0.5,0.144,72,22.7,0.46,122,10,NaN,NaN,7075,16,60,,60,0.5,FE-SEM measured thickness,0.1171,NaN,NaN,NaN,NaN,
18761,1693557937.25,2023-09-01 08:45:37,250,+1.20,+0.079,-0.03,+38.7,0.5,0.158,72,22.7,0.46,122,10,NaN,NaN,7075,16,60,,60,0.5,FE-SEM measured thickness,0.1171,NaN,NaN,NaN,NaN,
18762,1693557937.5,2023-09-01 08:45:37,500,+1.29,+0.084,-0.03,+38.7,0.5,0.168,72,22.7,0.46,122,10,NaN,NaN,7075,16,60,,60,0.5,FE-SEM measured thickness,0.1171,NaN,NaN,NaN,NaN,
18763,1693557937.75,2023-09-01 08:45:37,750,+1.36,+0.095,-0.03,+38.7,0.5,0.19,72,22.7,0.46,122,10,NaN,NaN,7075,16,60,,60,0.5,FE-SEM measured thickness,0.1171,NaN,NaN,NaN,NaN,
18764,1693557938,2023-09-01 08:45:38,000,+1.40,+0.099,-0.02,+38.6,0.5,0.198,72,22.7,0.46,122,10,NaN,NaN,7075,16,60,,60,0.5,FE-SEM measured thickness,0.1171,NaN,NaN,NaN,NaN,
18765,1693557938.25,2023-09-01 08:45:38,250,+1.49,+0.101,-0.02,+38.6,0.5,0.202,72,22.7,0.46,122,10,NaN,NaN,7075,16,60,,60,0.5,FE-SEM measured thickness,0.1171,NaN,NaN,NaN,NaN,
18766,1693557938.5,2023-09-01 08:45:38,500,+1.56,+0.109,-0.03,+38.6,0.5,0.218,72,22.7,0.46,122,10,NaN,NaN,7075,16,60,,60,0.5,FE-SEM measured thickness,0.1171,NaN,NaN,NaN,NaN,
18767,1693557938.75,2023-09-01 08:45:38,750,+1.60,+0.110,-0.02,+38.6,0.5,0.22,72,22.7,0.46,122,10,NaN,NaN,7075,16,60,,60,0.5,FE-SEM measured thickness,0.1171,NaN,NaN,NaN,NaN,
18768,1693557939,2023-09-01 08:45:39,000,+1.69,+0.110,-0.02,+38.6,0.5,0.22,72,22.7,0.46,122,10,NaN,NaN,7075,16,60,,60,0.5,FE-SEM measured thickness,0.1171,NaN,NaN,NaN,NaN,
18769,1693557939.25,2023-09-01 08:45:39,250,+1.76,+0.116,-0.02,+38.6,0.5,0.232,72,22.7,0.46,122,10,NaN,NaN,7075,16,60,,60,0.5,FE-SEM measured thickness,0.1171,NaN,NaN,NaN,NaN,
18770,1693557939.5,2023-09-01 08:45:39,500,+1.80,+0.115,-0.02,+38.6,0.5,0.23,72,22.7,0.46,122,10,NaN,NaN,7075,16,60,,60,0.5,FE-SEM measured thickness,0.1171,NaN,NaN,NaN,NaN,
18771,1693557939.75,2023-09-01 08:45:39,750,+1.89,+0.114,-0.01,+38.6,0.5,0.228,72,22.7,0.46,122,10,NaN,NaN,7075,16,60,,60,0.5,FE-SEM measured thickness,0.1171,NaN,NaN,NaN,NaN,
18772,1693557940,2023-09-01 08:45:40,000,+1.94,+0.120,-0.01,+38.6,0.5,0.24,72,22.7,0.46,122,10,NaN,NaN,7075,16,60,,60,0.5,FE-SEM measured thickness,0.1171,NaN,NaN,NaN,NaN,
18773,1693557940.25,2023-09-01 08:45:40,250,+2.00,+0.118,-0.01,+38.6,0.5,0.236,72,22.7,0.46,122,10,NaN,NaN,7075,16,60,,60,0.5,FE-SEM measured thickness,0.1171,NaN,NaN,NaN,NaN,
18774,1693557940.5,2023-09-01 08:45:40,500,+2.09,+0.118,-0.01,+38.6,0.5,0.236,72,22.7,0.46,122,10,NaN,NaN,7075,16,60,,60,0.5,FE-SEM measured thickness,0.1171,NaN,NaN,NaN,NaN,
18775,1693557940.75,2023-09-01 08:45:40,750,+2.16,+0.124,-0.01,+38.6,0.5,0.248,72,22.7,0.46,122,10,NaN,NaN,7075,16,60,,60,0.5,FE-SEM measured thickness,0.1171,NaN,NaN,NaN,NaN,
18776,1693557941,2023-09-01 08:45:41,000,+2.20,+0.122,-0.02,+38.6,0.5,0.244,72,22.7,0.46,122,10,NaN,NaN,7075,16,60,,60,0.5,FE-SEM measured thickness,0.1171,NaN,NaN,NaN,NaN,
18777,1693557941.25,2023-09-01 08:45:41,250,+2.29,+0.122,-0.01,+38.6,0.5,0.244,72,22.7,0.46,122,10,NaN,NaN,7075,16,60,,60,0.5,FE-SEM measured thickness,0.1171,NaN,NaN,NaN,NaN,
18778,1693557941.5,2023-09-01 08:45:41,500,+2.36,+0.127,-0.02,+38.6,0.5,0.254,72,22.7,0.46,122,10,NaN,NaN,7075,16,60,,60,0.5,FE-SEM measured thickness,0.1171,NaN,NaN,NaN,NaN,
18779,1693557941.75,2023-09-01 08:45:41,750,+2.40,+0.125,-0.02,+38.6,0.5,0.25,72,22.7,0.46,122,10,NaN,NaN,7075,16,60,,60,0.5,FE-SEM measured thickness,0.1171,NaN,NaN,NaN,NaN,
18780,1693557942,2023-09-01 08:45:42,000,+2.49,+0.123,-0.02,+38.6,0.5,0.246,72,22.7,0.46,122,10,NaN,NaN,7075,16,60,,60,0.5,FE-SEM measured thickness,0.1171,NaN,NaN,NaN,NaN,
18781,1693557942.25,2023-09-01 08:45:42,250,+2.57,+0.129,-0.02,+38.6,0.5,0.258,72,22.7,0.46,122,10,NaN,NaN,7075,16,60,,60,0.5,FE-SEM measured thickness,0.1171,NaN,NaN,NaN,NaN,
18782,1693557942.5,2023-09-01 08:45:42,500,+2.60,+0.127,-0.02,+38.6,0.5,0.254,72,22.7,0.46,122,10,NaN,NaN,7075,16,60,,60,0.5,FE-SEM measured thickness,0.1171,NaN,NaN,NaN,NaN,
18783,1693557942.75,2023-09-01 08:45:42,750,+2.69,+0.126,-0.02,+38.6,0.5,0.252,72,22.7,0.46,122,10,NaN,NaN,7075,16,60,,60,0.5,FE-SEM measured thickness,0.1171,NaN,NaN,NaN,NaN,
18784,1693557943,2023-09-01 08:45:43,000,+2.76,+0.130,-0.02,+38.6,0.5,0.26,72,22.7,0.46,122,10,NaN,NaN,7075,16,60,,60,0.5,FE-SEM measured thickness,0.1171,NaN,NaN,NaN,NaN,
18785,1693557943.25,2023-09-01 08:45:43,250,+2.80,+0.129,-0.01,+38.6,0.5,0.258,72,22.7,0.46,122,10,NaN,NaN,7075,16,60,,60,0.5,FE-SEM measured thickness,0.1171,NaN,NaN,NaN,NaN,
18786,1693557943.5,2023-09-01 08:45:43,500,+2.90,+0.126,-0.01,+38.6,0.5,0.252,72,22.7,0.46,122,10,NaN,NaN,7075,16,60,,60,0.5,FE-SEM measured thickness,0.1171,NaN,NaN,NaN,NaN,
18787,1693557943.75,2023-09-01 08:45:43,750,+2.96,+0.130,-0.01,+38.6,0.5,0.26,72,22.7,0.46,122,10,NaN,NaN,7075,16,60,,60,0.5,FE-SEM measured thickness,0.1171,NaN,NaN,NaN,NaN,
18788,1693557944,2023-09-01 08:45:44,000,+3.00,+0.128,-0.01,+38.6,0.5,0.256,72,22.7,0.46,122,10,NaN,NaN,7075,16,60,,60,0.5,FE-SEM measured thickness,0.1171,NaN,NaN,NaN,NaN,
18789,1693557944.25,2023-09-01 08:45:44,250,+3.09,+0.126,-0.01,+38.6,0.5,0.252,72,22.7,0.46,122,10,NaN,NaN,7075,16,60,,60,0.5,FE-SEM measured thickness,0.1171,NaN,NaN,NaN,NaN,
18790,1693557944.5,2023-09-01 08:45:44,500,+3.17,+0.131,-0.01,+38.6,0.5,0.262,72,22.7,0.46,122,10,NaN,NaN,7075,16,60,,60,0.5,FE-SEM measured thickness,0.1171,NaN,NaN,NaN,NaN,
18791,1693557944.75,2023-09-01 08:45:44,750,+3.20,+0.130,-0.01,+38.6,0.5,0.26,72,22.7,0.46,122,10,NaN,NaN,7075,16,60,,60,0.5,FE-SEM measured thickness,0.1171,NaN,NaN,NaN,NaN,
18792,1693557945,2023-09-01 08:45:45,000,+3.29,+0.130,-0.01,+38.6,0.5,0.26,72,22.7,0.46,122,10,NaN,NaN,7075,16,60,,60,0.5,FE-SEM measured thickness,0.1171,NaN,NaN,NaN,NaN,
18793,1693557945.25,2023-09-01 08:45:45,250,+3.37,+0.135,-0.01,+38.6,0.5,0.27,72,22.7,0.46,122,10,NaN,NaN,7075,16,60,,60,0.5,FE-SEM measured thickness,0.1171,NaN,NaN,NaN,NaN,
18794,1693557945.5,2023-09-01 08:45:45,500,+3.40,+0.133,-0.01,+38.6,0.5,0.266,72,22.7,0.46,122,10,NaN,NaN,7075,16,60,,60,0.5,FE-SEM measured thickness,0.1171,NaN,NaN,NaN,NaN,
18795,1693557945.75,2023-09-01 08:45:45,750,+3.49,+0.132,+0.00,+38.6,0.5,0.264,72,22.7,0.46,122,10,NaN,NaN,7075,16,60,,60,0.5,FE-SEM measured thickness,0.1171,NaN,NaN,NaN,NaN,
18796,1693557946,2023-09-01 08:45:46,000,+3.56,+0.137,-0.01,+38.6,0.5,0.274,72,22.7,0.46,122,10,NaN,NaN,7075,16,60,,60,0.5,FE-SEM measured thickness,0.1171,NaN,NaN,NaN,NaN,
18797,1693557946.25,2023-09-01 08:45:46,250,+3.60,+0.136,+0.01,+38.6,0.5,0.272,72,22.7,0.46,122,10,NaN,NaN,7075,16,60,,60,0.5,FE-SEM measured thickness,0.1171,NaN,NaN,NaN,NaN,
18798,1693557946.5,2023-09-01 08:45:46,500,+3.70,+0.136,+0.00,+38.6,0.5,0.272,72,22.7,0.46,122,10,NaN,NaN,7075,16,60,,60,0.5,FE-SEM measured thickness,0.1171,NaN,NaN,NaN,NaN,
18799,1693557946.75,2023-09-01 08:45:46,750,+3.77,+0.142,+0.01,+38.6,0.5,0.284,72,22.7,0.46,122,10,NaN,NaN,7075,16,60,,60,0.5,FE-SEM measured thickness,0.1171,NaN,NaN,NaN,NaN,
18800,1693557947,2023-09-01 08:45:47,000,+3.80,+0.140,+0.00,+38.6,0.5,0.28,72,22.7,0.46,122,10,NaN,NaN,7075,16,60,,60,0.5,FE-SEM measured thickness,0.1171,NaN,NaN,NaN,NaN,
18801,1693557947.25,2023-09-01 08:45:47,250,+3.89,+0.140,+0.01,+38.6,0.5,0.28,72,22.7,0.46,122,10,NaN,NaN,7075,16,60,,60,0.5,FE-SEM measured thickness,0.1171,NaN,NaN,NaN,NaN,
18802,1693557947.5,2023-09-01 08:45:47,500,+3.96,+0.145,+0.01,+38.6,0.5,0.29,72,22.7,0.46,122,10,NaN,NaN,7075,16,60,,60,0.5,FE-SEM measured thickness,0.1171,NaN,NaN,NaN,NaN,
18803,1693557947.75,2023-09-01 08:45:47,750,+4.00,+0.145,+0.01,+38.6,0.5,0.29,72,22.7,0.46,122,10,NaN,NaN,7075,16,60,,60,0.5,FE-SEM measured thickness,0.1171,NaN,NaN,NaN,NaN,
18804,1693557948,2023-09-01 08:45:48,000,+4.10,+0.145,+0.01,+38.6,0.5,0.29,72,22.7,0.46,122,10,NaN,NaN,7075,16,60,,60,0.5,FE-SEM measured thickness,0.1171,NaN,NaN,NaN,NaN,
18805,1693557948.25,2023-09-01 08:45:48,250,+4.16,+0.151,+0.01,+38.6,0.5,0.302,72,22.7,0.46,122,10,NaN,NaN,7075,16,60,,60,0.5,FE-SEM measured thickness,0.1171,NaN,NaN,NaN,NaN,
18806,1693557948.5,2023-09-01 08:45:48,500,+4.20,+0.150,+0.01,+38.6,0.5,0.3,72,22.7,0.46,122,10,NaN,NaN,7075,16,60,,60,0.5,FE-SEM measured thickness,0.1171,NaN,NaN,NaN,NaN,
18807,1693557948.75,2023-09-01 08:45:48,750,+4.29,+0.150,+0.01,+38.6,0.5,0.3,72,22.7,0.46,122,10,NaN,NaN,7075,16,60,,60,0.5,FE-SEM measured thickness,0.1171,NaN,NaN,NaN,NaN,
18808,1693557949,2023-09-01 08:45:49,000,+4.36,+0.155,+0.00,+38.6,0.5,0.31,72,22.7,0.46,122,10,NaN,NaN,7075,16,60,,60,0.5,FE-SEM measured thickness,0.1171,NaN,NaN,NaN,NaN,
18809,1693557949.25,2023-09-01 08:45:49,250,+4.40,+0.155,+0.01,+38.6,0.5,0.31,72,22.7,0.46,122,10,NaN,NaN,7075,16,60,,60,0.5,FE-SEM measured thickness,0.1171,NaN,NaN,NaN,NaN,
18810,1693557949.5,2023-09-01 08:45:49,500,+4.50,+0.155,+0.01,+38.6,0.5,0.31,72,22.7,0.46,122,10,NaN,NaN,7075,16,60,,60,0.5,FE-SEM measured thickness,0.1171,NaN,NaN,NaN,NaN,
18811,1693557949.75,2023-09-01 08:45:49,750,+4.58,+0.161,+0.01,+38.6,0.5,0.322,72,22.7,0.46,122,10,NaN,NaN,7075,16,60,,60,0.5,FE-SEM measured thickness,0.1171,NaN,NaN,NaN,NaN,
18812,1693557950,2023-09-01 08:45:50,000,+4.61,+0.161,+0.01,+38.6,0.5,0.322,72,22.7,0.46,122,10,NaN,NaN,7075,16,60,,60,0.5,FE-SEM measured thickness,0.1171,NaN,NaN,NaN,NaN,
18813,1693557950.25,2023-09-01 08:45:50,250,+4.69,+0.161,+0.01,+38.6,0.5,0.322,72,22.7,0.46,122,10,NaN,NaN,7075,16,60,,60,0.5,FE-SEM measured thickness,0.1171,NaN,NaN,NaN,NaN,
18814,1693557950.5,2023-09-01 08:45:50,500,+4.76,+0.167,+0.01,+38.6,0.5,0.334,72,22.7,0.46,122,10,NaN,NaN,7075,16,60,,60,0.5,FE-SEM measured thickness,0.1171,NaN,NaN,NaN,NaN,
18815,1693557950.75,2023-09-01 08:45:50,750,+4.80,+0.167,+0.01,+38.6,0.5,0.334,72,22.7,0.46,122,10,NaN,NaN,7075,16,60,,60,0.5,FE-SEM measured thickness,0.1171,NaN,NaN,NaN,NaN,
18816,1693557951,2023-09-01 08:45:51,000,+4.90,+0.167,+0.01,+38.6,0.5,0.334,72,22.7,0.46,122,10,NaN,NaN,7075,16,60,,60,0.5,FE-SEM measured thickness,0.1171,NaN,NaN,NaN,NaN,
18817,1693557951.25,2023-09-01 08:45:51,250,+4.97,+0.173,+0.01,+38.6,0.5,0.346,72,22.7,0.46,122,10,NaN,NaN,7075,16,60,,60,0.5,FE-SEM measured thickness,0.1171,NaN,NaN,NaN,NaN,
18818,1693557951.5,2023-09-01 08:45:51,500,+5.01,+0.173,+0.01,+38.6,0.5,0.346,72,22.7,0.46,122,10,NaN,NaN,7075,16,60,,60,0.5,FE-SEM measured thickness,0.1171,NaN,NaN,NaN,NaN,
18819,1693557951.75,2023-09-01 08:45:51,750,+5.09,+0.174,+0.01,+38.6,0.5,0.348,72,22.7,0.46,122,10,NaN,NaN,7075,16,60,,60,0.5,FE-SEM measured thickness,0.1171,NaN,NaN,NaN,NaN,
18820,1693557952,2023-09-01 08:45:52,000,+5.17,+0.180,+0.01,+38.6,0.5,0.36,72,22.7,0.46,122,10,NaN,NaN,7075,16,60,,60,0.5,FE-SEM measured thickness,0.1171,NaN,NaN,NaN,NaN,
18821,1693557952.25,2023-09-01 08:45:52,250,+5.21,+0.180,+0.01,+38.6,0.5,0.36,72,22.7,0.46,122,10,NaN,NaN,7075,16,60,,60,0.5,FE-SEM measured thickness,0.1171,NaN,NaN,NaN,NaN,
18822,1693557952.5,2023-09-01 08:45:52,500,+5.30,+0.180,+0.01,+38.6,0.5,0.36,72,22.7,0.46,122,10,NaN,NaN,7075,16,60,,60,0.5,FE-SEM measured thickness,0.1171,NaN,NaN,NaN,NaN,
18823,1693557952.75,2023-09-01 08:45:52,750,+5.37,+0.186,+0.01,+38.6,0.5,0.372,72,22.7,0.46,122,10,NaN,NaN,7075,16,60,,60,0.5,FE-SEM measured thickness,0.1171,NaN,NaN,NaN,NaN,
18824,1693557953,2023-09-01 08:45:53,000,+5.40,+0.185,+0.01,+38.5,0.5,0.37,72,22.7,0.46,122,10,NaN,NaN,7075,16,60,,60,0.5,FE-SEM measured thickness,0.1171,NaN,NaN,NaN,NaN,
18825,1693557953.25,2023-09-01 08:45:53,250,+5.50,+0.186,+0.02,+38.5,0.5,0.372,72,22.7,0.46,122,10,NaN,NaN,7075,16,60,,60,0.5,FE-SEM measured thickness,0.1171,NaN,NaN,NaN,NaN,
18826,1693557953.5,2023-09-01 08:45:53,500,+5.58,+0.193,+0.02,+38.5,0.5,0.386,72,22.7,0.46,122,10,NaN,NaN,7075,16,60,,60,0.5,FE-SEM measured thickness,0.1171,NaN,NaN,NaN,NaN,
18827,1693557953.75,2023-09-01 08:45:53,750,+5.61,+0.194,+0.02,+38.5,0.5,0.388,72,22.7,0.46,122,10,NaN,NaN,7075,16,60,,60,0.5,FE-SEM measured thickness,0.1171,NaN,NaN,NaN,NaN,
18828,1693557954,2023-09-01 08:45:54,000,+5.70,+0.195,+0.02,+38.6,0.5,0.39,72,22.7,0.46,122,10,NaN,NaN,7075,16,60,,60,0.5,FE-SEM measured thickness,0.1171,NaN,NaN,NaN,NaN,
18829,1693557954.25,2023-09-01 08:45:54,250,+5.76,+0.201,+0.02,+38.5,0.5,0.402,72,22.7,0.46,122,10,NaN,NaN,7075,16,60,,60,0.5,FE-SEM measured thickness,0.1171,NaN,NaN,NaN,NaN,
18830,1693557954.5,2023-09-01 08:45:54,500,+5.80,+0.201,+0.02,+38.5,0.5,0.402,72,22.7,0.46,122,10,NaN,NaN,7075,16,60,,60,0.5,FE-SEM measured thickness,0.1171,NaN,NaN,NaN,NaN,
18831,1693557954.75,2023-09-01 08:45:54,750,+5.89,+0.202,+0.02,+38.5,0.5,0.404,72,22.7,0.46,122,10,NaN,NaN,7075,16,60,,60,0.5,FE-SEM measured thickness,0.1171,NaN,NaN,NaN,NaN,
18832,1693557955,2023-09-01 08:45:55,000,+5.96,+0.208,+0.02,+38.5,0.5,0.416,72,22.7,0.46,122,10,NaN,NaN,7075,16,60,,60,0.5,FE-SEM measured thickness,0.1171,NaN,NaN,NaN,NaN,
18833,1693557955.25,2023-09-01 08:45:55,250,+6.00,+0.208,+0.02,+38.5,0.5,0.416,72,22.7,0.46,122,10,NaN,NaN,7075,16,60,,60,0.5,FE-SEM measured thickness,0.1171,NaN,NaN,NaN,NaN,
18834,1693557955.5,2023-09-01 08:45:55,500,+6.09,+0.210,+0.02,+38.5,0.5,0.42,72,22.7,0.46,122,10,NaN,NaN,7075,16,60,,60,0.5,FE-SEM measured thickness,0.1171,NaN,NaN,NaN,NaN,
18835,1693557955.75,2023-09-01 08:45:55,750,+6.17,+0.218,+0.02,+38.5,0.5,0.436,72,22.7,0.46,122,10,NaN,NaN,7075,16,60,,60,0.5,FE-SEM measured thickness,0.1171,NaN,NaN,NaN,NaN,
18836,1693557956,2023-09-01 08:45:56,000,+6.20,+0.219,+0.02,+38.5,0.5,0.438,72,22.7,0.46,122,10,NaN,NaN,7075,16,60,,60,0.5,FE-SEM measured thickness,0.1171,NaN,NaN,NaN,NaN,
18837,1693557956.25,2023-09-01 08:45:56,250,+6.29,+0.220,+0.02,+38.5,0.5,0.44,72,22.7,0.46,122,10,NaN,NaN,7075,16,60,,60,0.5,FE-SEM measured thickness,0.1171,NaN,NaN,NaN,NaN,
18838,1693557956.5,2023-09-01 08:45:56,500,+6.37,+0.227,+0.03,+38.5,0.5,0.454,72,22.7,0.46,122,10,NaN,NaN,7075,16,60,,60,0.5,FE-SEM measured thickness,0.1171,NaN,NaN,NaN,NaN,
18839,1693557956.75,2023-09-01 08:45:56,750,+6.40,+0.228,+0.02,+38.5,0.5,0.456,72,22.7,0.46,122,10,NaN,NaN,7075,16,60,,60,0.5,FE-SEM measured thickness,0.1171,NaN,NaN,NaN,NaN,
18840,1693557957,2023-09-01 08:45:57,000,+6.50,+0.230,+0.03,+38.5,0.5,0.46,72,22.7,0.46,122,10,NaN,NaN,7075,16,60,,60,0.5,FE-SEM measured thickness,0.1171,NaN,NaN,NaN,NaN,
18841,1693557957.25,2023-09-01 08:45:57,250,+6.57,+0.237,+0.03,+38.5,0.5,0.474,72,22.7,0.46,122,10,NaN,NaN,7075,16,60,,60,0.5,FE-SEM measured thickness,0.1171,NaN,NaN,NaN,NaN,
18842,1693557957.5,2023-09-01 08:45:57,500,+6.60,+0.238,+0.03,+38.5,0.5,0.476,72,22.7,0.46,122,10,NaN,NaN,7075,16,60,,60,0.5,FE-SEM measured thickness,0.1171,NaN,NaN,NaN,NaN,
18843,1693557957.75,2023-09-01 08:45:57,750,+6.70,+0.239,+0.03,+38.5,0.5,0.478,72,22.7,0.46,122,10,NaN,NaN,7075,16,60,,60,0.5,FE-SEM measured thickness,0.1171,NaN,NaN,NaN,NaN,
18844,1693557958,2023-09-01 08:45:58,000,+6.77,+0.246,+0.03,+38.5,0.5,0.492,72,22.7,0.46,122,10,NaN,NaN,7075,16,60,,60,0.5,FE-SEM measured thickness,0.1171,NaN,NaN,NaN,NaN,
18845,1693557958.25,2023-09-01 08:45:58,250,+6.80,+0.248,+0.03,+38.4,0.5,0.496,72,22.7,0.46,122,10,NaN,NaN,7075,16,60,,60,0.5,FE-SEM measured thickness,0.1171,NaN,NaN,NaN,NaN,
18846,1693557958.5,2023-09-01 08:45:58,500,+6.90,+0.249,+0.04,+38.5,0.5,0.498,72,22.7,0.46,122,10,NaN,NaN,7075,16,60,,60,0.5,FE-SEM measured thickness,0.1171,NaN,NaN,NaN,NaN,
18847,1693557958.75,2023-09-01 08:45:58,750,+6.96,+0.254,+0.04,+38.4,0.5,0.508,72,22.7,0.46,122,10,NaN,NaN,7075,16,60,,60,0.5,FE-SEM measured thickness,0.1171,NaN,NaN,NaN,NaN,
18848,1693557959,2023-09-01 08:45:59,000,+7.00,+0.255,+0.04,+38.4,0.5,0.51,72,22.7,0.46,122,10,NaN,NaN,7075,16,60,,60,0.5,FE-SEM measured thickness,0.1171,NaN,NaN,NaN,NaN,
18849,1693557959.25,2023-09-01 08:45:59,250,+7.09,+0.255,+0.04,+38.4,0.5,0.51,72,22.7,0.46,122,10,NaN,NaN,7075,16,60,,60,0.5,FE-SEM measured thickness,0.1171,NaN,NaN,NaN,NaN,
18850,1693557959.5,2023-09-01 08:45:59,500,+7.17,+0.261,+0.04,+38.4,0.5,0.522,72,22.7,0.46,122,10,NaN,NaN,7075,16,60,,60,0.5,FE-SEM measured thickness,0.1171,NaN,NaN,NaN,NaN,
18851,1693557959.75,2023-09-01 08:45:59,750,+7.21,+0.261,+0.04,+38.4,0.5,0.522,72,22.7,0.46,122,10,NaN,NaN,7075,16,60,,60,0.5,FE-SEM measured thickness,0.1171,NaN,NaN,NaN,NaN,
18852,1693557960,2023-09-01 08:46:00,000,+7.30,+0.262,+0.04,+38.4,0.5,0.524,72,22.7,0.46,122,10,NaN,NaN,7075,16,60,,60,0.5,FE-SEM measured thickness,0.1171,NaN,NaN,NaN,NaN,
18853,1693557960.25,2023-09-01 08:46:00,250,+7.36,+0.270,+0.04,+38.5,0.5,0.54,72,22.7,0.46,122,10,NaN,NaN,7075,16,60,,60,0.5,FE-SEM measured thickness,0.1171,NaN,NaN,NaN,NaN,
18854,1693557960.5,2023-09-01 08:46:00,500,+7.40,+0.271,+0.04,+38.5,0.5,0.542,72,22.7,0.46,122,10,NaN,NaN,7075,16,60,,60,0.5,FE-SEM measured thickness,0.1171,NaN,NaN,NaN,NaN,
18855,1693557960.75,2023-09-01 08:46:00,750,+7.50,+0.272,+0.04,+38.4,0.5,0.544,72,22.7,0.46,122,10,NaN,NaN,7075,16,60,,60,0.5,FE-SEM measured thickness,0.1171,NaN,NaN,NaN,NaN,
18856,1693557961,2023-09-01 08:46:01,000,+7.57,+0.278,+0.04,+38.4,0.5,0.556,72,22.7,0.46,122,10,NaN,NaN,7075,16,60,,60,0.5,FE-SEM measured thickness,0.1171,NaN,NaN,NaN,NaN,
18857,1693557961.25,2023-09-01 08:46:01,250,+7.61,+0.278,+0.04,+38.4,0.5,0.556,72,22.7,0.46,122,10,NaN,NaN,7075,16,60,,60,0.5,FE-SEM measured thickness,0.1171,NaN,NaN,NaN,NaN,
18858,1693557961.5,2023-09-01 08:46:01,500,+7.70,+0.279,+0.04,+38.4,0.5,0.558,72,22.7,0.46,122,10,NaN,NaN,7075,16,60,,60,0.5,FE-SEM measured thickness,0.1171,NaN,NaN,NaN,NaN,
18859,1693557961.75,2023-09-01 08:46:01,750,+7.77,+0.285,+0.04,+38.4,0.5,0.57,72,22.7,0.46,122,10,NaN,NaN,7075,16,60,,60,0.5,FE-SEM measured thickness,0.1171,NaN,NaN,NaN,NaN,
18860,1693557962,2023-09-01 08:46:02,000,+7.80,+0.286,+0.04,+38.4,0.5,0.572,72,22.7,0.46,122,10,NaN,NaN,7075,16,60,,60,0.5,FE-SEM measured thickness,0.1171,NaN,NaN,NaN,NaN,
18861,1693557962.25,2023-09-01 08:46:02,250,+7.90,+0.286,+0.04,+38.4,0.5,0.572,72,22.7,0.46,122,10,NaN,NaN,7075,16,60,,60,0.5,FE-SEM measured thickness,0.1171,NaN,NaN,NaN,NaN,
18862,1693557962.5,2023-09-01 08:46:02,500,+7.96,+0.293,+0.04,+38.4,0.5,0.586,72,22.7,0.46,122,10,NaN,NaN,7075,16,60,,60,0.5,FE-SEM measured thickness,0.1171,NaN,NaN,NaN,NaN,
18863,1693557962.75,2023-09-01 08:46:02,750,+8.00,+0.293,+0.04,+38.4,0.5,0.586,72,22.7,0.46,122,10,NaN,NaN,7075,16,60,,60,0.5,FE-SEM measured thickness,0.1171,NaN,NaN,NaN,NaN,
18864,1693557963,2023-09-01 08:46:03,000,+8.10,+0.294,+0.04,+38.4,0.5,0.588,72,22.7,0.46,122,10,NaN,NaN,7075,16,60,,60,0.5,FE-SEM measured thickness,0.1171,NaN,NaN,NaN,NaN,
18865,1693557963.25,2023-09-01 08:46:03,250,+8.17,+0.300,+0.04,+38.4,0.5,0.6,72,22.7,0.46,122,10,NaN,NaN,7075,16,60,,60,0.5,FE-SEM measured thickness,0.1171,NaN,NaN,NaN,NaN,
18866,1693557963.5,2023-09-01 08:46:03,500,+8.20,+0.300,+0.05,+38.4,0.5,0.6,72,22.7,0.46,122,10,NaN,NaN,7075,16,60,,60,0.5,FE-SEM measured thickness,0.1171,NaN,NaN,NaN,NaN,
18867,1693557963.75,2023-09-01 08:46:03,750,+8.29,+0.302,+0.05,+38.4,0.5,0.604,72,22.7,0.46,122,10,NaN,NaN,7075,16,60,,60,0.5,FE-SEM measured thickness,0.1171,NaN,NaN,NaN,NaN,
18868,1693557964,2023-09-01 08:46:04,000,+8.37,+0.308,+0.05,+38.4,0.5,0.616,72,22.7,0.46,122,10,NaN,NaN,7075,16,60,,60,0.5,FE-SEM measured thickness,0.1171,NaN,NaN,NaN,NaN,
18869,1693557964.25,2023-09-01 08:46:04,250,+8.40,+0.308,+0.05,+38.4,0.5,0.616,72,22.7,0.46,122,10,NaN,NaN,7075,16,60,,60,0.5,FE-SEM measured thickness,0.1171,NaN,NaN,NaN,NaN,
18870,1693557964.5,2023-09-01 08:46:04,500,+8.50,+0.308,+0.05,+38.4,0.5,0.616,72,22.7,0.46,122,10,NaN,NaN,7075,16,60,,60,0.5,FE-SEM measured thickness,0.1171,NaN,NaN,NaN,NaN,
18871,1693557964.75,2023-09-01 08:46:04,750,+8.56,+0.315,+0.04,+38.4,0.5,0.63,72,22.7,0.46,122,10,NaN,NaN,7075,16,60,,60,0.5,FE-SEM measured thickness,0.1171,NaN,NaN,NaN,NaN,
18872,1693557965,2023-09-01 08:46:05,000,+8.60,+0.314,+0.05,+38.4,0.5,0.628,72,22.7,0.46,122,10,NaN,NaN,7075,16,60,,60,0.5,FE-SEM measured thickness,0.1171,NaN,NaN,NaN,NaN,
18873,1693557965.25,2023-09-01 08:46:05,250,+8.69,+0.314,+0.04,+38.4,0.5,0.628,72,22.7,0.46,122,10,NaN,NaN,7075,16,60,,60,0.5,FE-SEM measured thickness,0.1171,NaN,NaN,NaN,NaN,
18874,1693557965.5,2023-09-01 08:46:05,500,+8.78,+0.322,+0.05,+38.4,0.5,0.644,72,22.7,0.46,122,10,NaN,NaN,7075,16,60,,60,0.5,FE-SEM measured thickness,0.1171,NaN,NaN,NaN,NaN,
18875,1693557965.75,2023-09-01 08:46:05,750,+8.81,+0.322,+0.05,+38.4,0.5,0.644,72,22.7,0.46,122,10,NaN,NaN,7075,16,60,,60,0.5,FE-SEM measured thickness,0.1171,NaN,NaN,NaN,NaN,
18876,1693557966,2023-09-01 08:46:06,000,+8.90,+0.322,+0.05,+38.4,0.5,0.644,72,22.7,0.46,122,10,NaN,NaN,7075,16,60,,60,0.5,FE-SEM measured thickness,0.1171,NaN,NaN,NaN,NaN,
18877,1693557966.25,2023-09-01 08:46:06,250,+8.97,+0.330,+0.06,+38.4,0.5,0.66,72,22.7,0.46,122,10,NaN,NaN,7075,16,60,,60,0.5,FE-SEM measured thickness,0.1171,NaN,NaN,NaN,NaN,
18878,1693557966.5,2023-09-01 08:46:06,500,+9.00,+0.329,+0.06,+38.4,0.5,0.658,72,22.7,0.46,122,10,NaN,NaN,7075,16,60,,60,0.5,FE-SEM measured thickness,0.1171,NaN,NaN,NaN,NaN,
18879,1693557966.75,2023-09-01 08:46:06,750,+9.10,+0.328,+0.06,+38.4,0.5,0.656,72,22.7,0.46,122,10,NaN,NaN,7075,16,60,,60,0.5,FE-SEM measured thickness,0.1171,NaN,NaN,NaN,NaN,
18880,1693557967,2023-09-01 08:46:07,000,+9.16,+0.335,+0.07,+38.4,0.5,0.67,72,22.7,0.46,122,10,NaN,NaN,7075,16,60,,60,0.5,FE-SEM measured thickness,0.1171,NaN,NaN,NaN,NaN,
18881,1693557967.25,2023-09-01 08:46:07,250,+9.21,+0.334,+0.06,+38.4,0.5,0.668,72,22.7,0.46,122,10,NaN,NaN,7075,16,60,,60,0.5,FE-SEM measured thickness,0.1171,NaN,NaN,NaN,NaN,
18882,1693557967.5,2023-09-01 08:46:07,500,+9.30,+0.334,+0.06,+38.4,0.5,0.668,72,22.7,0.46,122,10,NaN,NaN,7075,16,60,,60,0.5,FE-SEM measured thickness,0.1171,NaN,NaN,NaN,NaN,
18883,1693557967.75,2023-09-01 08:46:07,750,+9.37,+0.341,+0.06,+38.4,0.5,0.682,72,22.7,0.46,122,10,NaN,NaN,7075,16,60,,60,0.5,FE-SEM measured thickness,0.1171,NaN,NaN,NaN,NaN,
18884,1693557968,2023-09-01 08:46:08,000,+9.40,+0.342,+0.06,+38.4,0.5,0.684,72,22.7,0.46,122,10,NaN,NaN,7075,16,60,,60,0.5,FE-SEM measured thickness,0.1171,NaN,NaN,NaN,NaN,
18885,1693557968.25,2023-09-01 08:46:08,250,+9.50,+0.342,+0.06,+38.4,0.5,0.684,72,22.7,0.46,122,10,NaN,NaN,7075,16,60,,60,0.5,FE-SEM measured thickness,0.1171,NaN,NaN,NaN,NaN,
18886,1693557968.5,2023-09-01 08:46:08,500,+9.57,+0.349,+0.07,+38.4,0.5,0.698,72,22.7,0.46,122,10,NaN,NaN,7075,16,60,,60,0.5,FE-SEM measured thickness,0.1171,NaN,NaN,NaN,NaN,
18887,1693557968.75,2023-09-01 08:46:08,750,+9.60,+0.349,+0.07,+38.4,0.5,0.698,72,22.7,0.46,122,10,NaN,NaN,7075,16,60,,60,0.5,FE-SEM measured thickness,0.1171,NaN,NaN,NaN,NaN,
18888,1693557969,2023-09-01 08:46:09,000,+9.70,+0.349,+0.07,+38.4,0.5,0.698,72,22.7,0.46,122,10,NaN,NaN,7075,16,60,,60,0.5,FE-SEM measured thickness,0.1171,NaN,NaN,NaN,NaN,
18889,1693557969.25,2023-09-01 08:46:09,250,+9.77,+0.355,+0.07,+38.4,0.5,0.71,72,22.7,0.46,122,10,NaN,NaN,7075,16,60,,60,0.5,FE-SEM measured thickness,0.1171,NaN,NaN,NaN,NaN,
18890,1693557969.5,2023-09-01 08:46:09,500,+9.80,+0.355,+0.07,+38.4,0.5,0.71,72,22.7,0.46,122,10,NaN,NaN,7075,16,60,,60,0.5,FE-SEM measured thickness,0.1171,NaN,NaN,NaN,NaN,
18891,1693557969.75,2023-09-01 08:46:09,750,+9.89,+0.355,+0.07,+38.4,0.5,0.71,72,22.7,0.46,122,10,NaN,NaN,7075,16,60,,60,0.5,FE-SEM measured thickness,0.1171,NaN,NaN,NaN,NaN,
18892,1693557970,2023-09-01 08:46:10,000,+9.97,+0.361,+0.07,+38.4,0.5,0.722,72,22.7,0.46,122,10,NaN,NaN,7075,16,60,,60,0.5,FE-SEM measured thickness,0.1171,NaN,NaN,NaN,NaN,
18893,1693557970.25,2023-09-01 08:46:10,250,+10.01,+0.360,+0.07,+38.4,0.5,0.72,72,22.7,0.46,122,10,NaN,NaN,7075,16,60,,60,0.5,FE-SEM measured thickness,0.1171,NaN,NaN,NaN,NaN,
18894,1693557970.5,2023-09-01 08:46:10,500,+10.10,+0.360,+0.08,+38.4,0.5,0.72,72,22.7,0.46,122,10,NaN,NaN,7075,16,60,,60,0.5,FE-SEM measured thickness,0.1171,NaN,NaN,NaN,NaN,
18895,1693557970.75,2023-09-01 08:46:10,750,+10.16,+0.367,+0.07,+38.4,0.5,0.734,72,22.7,0.46,122,10,NaN,NaN,7075,16,60,,60,0.5,FE-SEM measured thickness,0.1171,NaN,NaN,NaN,NaN,
18896,1693557971,2023-09-01 08:46:11,000,+10.20,+0.367,+0.07,+38.4,0.5,0.734,72,22.7,0.46,122,10,NaN,NaN,7075,16,60,,60,0.5,FE-SEM measured thickness,0.1171,NaN,NaN,NaN,NaN,
18897,1693557971.25,2023-09-01 08:46:11,250,+10.29,+0.367,+0.07,+38.4,0.5,0.734,72,22.7,0.46,122,10,NaN,NaN,7075,16,60,,60,0.5,FE-SEM measured thickness,0.1171,NaN,NaN,NaN,NaN,
18898,1693557971.5,2023-09-01 08:46:11,500,+10.37,+0.374,+0.07,+38.4,0.5,0.748,72,22.7,0.46,122,10,NaN,NaN,7075,16,60,,60,0.5,FE-SEM measured thickness,0.1171,NaN,NaN,NaN,NaN,
18899,1693557971.75,2023-09-01 08:46:11,750,+10.41,+0.373,+0.07,+38.4,0.5,0.746,72,22.7,0.46,122,10,NaN,NaN,7075,16,60,,60,0.5,FE-SEM measured thickness,0.1171,NaN,NaN,NaN,NaN,
18900,1693557972,2023-09-01 08:46:12,000,+10.50,+0.373,+0.07,+38.4,0.5,0.746,72,22.7,0.46,122,10,NaN,NaN,7075,16,60,,60,0.5,FE-SEM measured thickness,0.1171,NaN,NaN,NaN,NaN,
18901,1693557972.25,2023-09-01 08:46:12,250,+10.58,+0.380,+0.08,+38.4,0.5,0.76,72,22.7,0.46,122,10,NaN,NaN,7075,16,60,,60,0.5,FE-SEM measured thickness,0.1171,NaN,NaN,NaN,NaN,
18902,1693557972.5,2023-09-01 08:46:12,500,+10.60,+0.379,+0.08,+38.4,0.5,0.758,72,22.7,0.46,122,10,NaN,NaN,7075,16,60,,60,0.5,FE-SEM measured thickness,0.1171,NaN,NaN,NaN,NaN,
18903,1693557972.75,2023-09-01 08:46:12,750,+10.70,+0.378,+0.07,+38.4,0.5,0.756,72,22.7,0.46,122,10,NaN,NaN,7075,16,60,,60,0.5,FE-SEM measured thickness,0.1171,NaN,NaN,NaN,NaN,
18904,1693557973,2023-09-01 08:46:13,000,+10.78,+0.386,+0.08,+38.4,0.5,0.772,72,22.7,0.46,122,10,NaN,NaN,7075,16,60,,60,0.5,FE-SEM measured thickness,0.1171,NaN,NaN,NaN,NaN,
18905,1693557973.25,2023-09-01 08:46:13,250,+10.80,+0.386,+0.07,+38.4,0.5,0.772,72,22.7,0.46,122,10,NaN,NaN,7075,16,60,,60,0.5,FE-SEM measured thickness,0.1171,NaN,NaN,NaN,NaN,
18906,1693557973.5,2023-09-01 08:46:13,500,+10.90,+0.386,+0.07,+38.4,0.5,0.772,72,22.7,0.46,122,10,NaN,NaN,7075,16,60,,60,0.5,FE-SEM measured thickness,0.1171,NaN,NaN,NaN,NaN,
18907,1693557973.75,2023-09-01 08:46:13,750,+10.96,+0.393,+0.08,+38.4,0.5,0.786,72,22.7,0.46,122,10,NaN,NaN,7075,16,60,,60,0.5,FE-SEM measured thickness,0.1171,NaN,NaN,NaN,NaN,
18908,1693557974,2023-09-01 08:46:14,000,+11.00,+0.393,+0.08,+38.4,0.5,0.786,72,22.7,0.46,122,10,NaN,NaN,7075,16,60,,60,0.5,FE-SEM measured thickness,0.1171,NaN,NaN,NaN,NaN,
18909,1693557974.25,2023-09-01 08:46:14,250,+11.10,+0.393,+0.08,+38.3,0.5,0.786,72,22.7,0.46,122,10,NaN,NaN,7075,16,60,,60,0.5,FE-SEM measured thickness,0.1171,NaN,NaN,NaN,NaN,
18910,1693557974.5,2023-09-01 08:46:14,500,+11.16,+0.399,+0.08,+38.4,0.5,0.798,72,22.7,0.46,122,10,NaN,NaN,7075,16,60,,60,0.5,FE-SEM measured thickness,0.1171,NaN,NaN,NaN,NaN,
18911,1693557974.75,2023-09-01 08:46:14,750,+11.20,+0.399,+0.08,+38.4,0.5,0.798,72,22.7,0.46,122,10,NaN,NaN,7075,16,60,,60,0.5,FE-SEM measured thickness,0.1171,NaN,NaN,NaN,NaN,
18912,1693557975,2023-09-01 08:46:15,000,+11.30,+0.401,+0.08,+38.4,0.5,0.802,72,22.7,0.46,122,10,NaN,NaN,7075,16,60,,60,0.5,FE-SEM measured thickness,0.1171,NaN,NaN,NaN,NaN,
18913,1693557975.25,2023-09-01 08:46:15,250,+11.37,+0.407,+0.08,+38.4,0.5,0.814,72,22.7,0.46,122,10,NaN,NaN,7075,16,60,,60,0.5,FE-SEM measured thickness,0.1171,NaN,NaN,NaN,NaN,
18914,1693557975.5,2023-09-01 08:46:15,500,+11.40,+0.408,+0.08,+38.4,0.5,0.816,72,22.7,0.46,122,10,NaN,NaN,7075,16,60,,60,0.5,FE-SEM measured thickness,0.1171,NaN,NaN,NaN,NaN,
18915,1693557975.75,2023-09-01 08:46:15,750,+11.50,+0.409,+0.08,+38.4,0.5,0.818,72,22.7,0.46,122,10,NaN,NaN,7075,16,60,,60,0.5,FE-SEM measured thickness,0.1171,NaN,NaN,NaN,NaN,
18916,1693557976,2023-09-01 08:46:16,000,+11.57,+0.416,+0.08,+38.4,0.5,0.832,72,22.7,0.46,122,10,NaN,NaN,7075,16,60,,60,0.5,FE-SEM measured thickness,0.1171,NaN,NaN,NaN,NaN,
18917,1693557976.25,2023-09-01 08:46:16,250,+11.61,+0.415,+0.08,+38.4,0.5,0.83,72,22.7,0.46,122,10,NaN,NaN,7075,16,60,,60,0.5,FE-SEM measured thickness,0.1171,NaN,NaN,NaN,NaN,
18918,1693557976.5,2023-09-01 08:46:16,500,+11.70,+0.416,+0.08,+38.3,0.5,0.832,72,22.7,0.46,122,10,NaN,NaN,7075,16,60,,60,0.5,FE-SEM measured thickness,0.1171,NaN,NaN,NaN,NaN,
18919,1693557976.75,2023-09-01 08:46:16,750,+11.77,+0.423,+0.08,+38.3,0.5,0.846,72,22.7,0.46,122,10,NaN,NaN,7075,16,60,,60,0.5,FE-SEM measured thickness,0.1171,NaN,NaN,NaN,NaN,
18920,1693557977,2023-09-01 08:46:17,000,+11.80,+0.422,+0.09,+38.3,0.5,0.844,72,22.7,0.46,122,10,NaN,NaN,7075,16,60,,60,0.5,FE-SEM measured thickness,0.1171,NaN,NaN,NaN,NaN,
18921,1693557977.25,2023-09-01 08:46:17,250,+11.89,+0.423,+0.08,+38.3,0.5,0.846,72,22.7,0.46,122,10,NaN,NaN,7075,16,60,,60,0.5,FE-SEM measured thickness,0.1171,NaN,NaN,NaN,NaN,
18922,1693557977.5,2023-09-01 08:46:17,500,+11.97,+0.430,+0.09,+38.3,0.5,0.86,72,22.7,0.46,122,10,NaN,NaN,7075,16,60,,60,0.5,FE-SEM measured thickness,0.1171,NaN,NaN,NaN,NaN,
18923,1693557977.75,2023-09-01 08:46:17,750,+12.01,+0.430,+0.08,+38.3,0.5,0.86,72,22.7,0.46,122,10,NaN,NaN,7075,16,60,,60,0.5,FE-SEM measured thickness,0.1171,NaN,NaN,NaN,NaN,
18924,1693557978,2023-09-01 08:46:18,000,+12.10,+0.430,+0.09,+38.3,0.5,0.86,72,22.7,0.46,122,10,NaN,NaN,7075,16,60,,60,0.5,FE-SEM measured thickness,0.1171,NaN,NaN,NaN,NaN,
18925,1693557978.25,2023-09-01 08:46:18,250,+12.17,+0.437,+0.08,+38.3,0.5,0.874,72,22.7,0.46,122,10,NaN,NaN,7075,16,60,,60,0.5,FE-SEM measured thickness,0.1171,NaN,NaN,NaN,NaN,
18926,1693557978.5,2023-09-01 08:46:18,500,+12.20,+0.437,+0.09,+38.3,0.5,0.874,72,22.7,0.46,122,10,NaN,NaN,7075,16,60,,60,0.5,FE-SEM measured thickness,0.1171,NaN,NaN,NaN,NaN,
18927,1693557978.75,2023-09-01 08:46:18,750,+12.30,+0.437,+0.09,+38.3,0.5,0.874,72,22.7,0.46,122,10,NaN,NaN,7075,16,60,,60,0.5,FE-SEM measured thickness,0.1171,NaN,NaN,NaN,NaN,
18928,1693557979,2023-09-01 08:46:19,000,+12.37,+0.445,+0.09,+38.3,0.5,0.89,72,22.7,0.46,122,10,NaN,NaN,7075,16,60,,60,0.5,FE-SEM measured thickness,0.1171,NaN,NaN,NaN,NaN,
18929,1693557979.25,2023-09-01 08:46:19,250,+12.41,+0.445,+0.09,+38.3,0.5,0.89,72,22.7,0.46,122,10,NaN,NaN,7075,16,60,,60,0.5,FE-SEM measured thickness,0.1171,NaN,NaN,NaN,NaN,
18930,1693557979.5,2023-09-01 08:46:19,500,+12.50,+0.446,+0.09,+38.3,0.5,0.892,72,22.7,0.46,122,10,NaN,NaN,7075,16,60,,60,0.5,FE-SEM measured thickness,0.1171,NaN,NaN,NaN,NaN,
18931,1693557979.75,2023-09-01 08:46:19,750,+12.57,+0.454,+0.09,+38.3,0.5,0.908,72,22.7,0.46,122,10,NaN,NaN,7075,16,60,,60,0.5,FE-SEM measured thickness,0.1171,NaN,NaN,NaN,NaN,
18932,1693557980,2023-09-01 08:46:20,000,+12.61,+0.454,+0.08,+38.3,0.5,0.908,72,22.7,0.46,122,10,NaN,NaN,7075,16,60,,60,0.5,FE-SEM measured thickness,0.1171,NaN,NaN,NaN,NaN,
18933,1693557980.25,2023-09-01 08:46:20,250,+12.70,+0.454,+0.09,+38.3,0.5,0.908,72,22.7,0.46,122,10,NaN,NaN,7075,16,60,,60,0.5,FE-SEM measured thickness,0.1171,NaN,NaN,NaN,NaN,
18934,1693557980.5,2023-09-01 08:46:20,500,+12.76,+0.461,+0.09,+38.3,0.5,0.922,72,22.7,0.46,122,10,NaN,NaN,7075,16,60,,60,0.5,FE-SEM measured thickness,0.1171,NaN,NaN,NaN,NaN,
18935,1693557980.75,2023-09-01 08:46:20,750,+12.80,+0.462,+0.09,+38.3,0.5,0.924,72,22.7,0.46,122,10,NaN,NaN,7075,16,60,,60,0.5,FE-SEM measured thickness,0.1171,NaN,NaN,NaN,NaN,
18936,1693557981,2023-09-01 08:46:21,000,+12.90,+0.463,+0.09,+38.4,0.5,0.926,72,22.7,0.46,122,10,NaN,NaN,7075,16,60,,60,0.5,FE-SEM measured thickness,0.1171,NaN,NaN,NaN,NaN,
18937,1693557981.25,2023-09-01 08:46:21,250,+12.96,+0.472,+0.09,+38.4,0.5,0.944,72,22.7,0.46,122,10,NaN,NaN,7075,16,60,,60,0.5,FE-SEM measured thickness,0.1171,NaN,NaN,NaN,NaN,
18938,1693557981.5,2023-09-01 08:46:21,500,+13.00,+0.472,+0.09,+38.4,0.5,0.944,72,22.7,0.46,122,10,NaN,NaN,7075,16,60,,60,0.5,FE-SEM measured thickness,0.1171,NaN,NaN,NaN,NaN,
18939,1693557981.75,2023-09-01 08:46:21,750,+13.09,+0.472,+0.09,+38.4,0.5,0.944,72,22.7,0.46,122,10,NaN,NaN,7075,16,60,,60,0.5,FE-SEM measured thickness,0.1171,NaN,NaN,NaN,NaN,
18940,1693557982,2023-09-01 08:46:22,000,+13.17,+0.480,+0.10,+38.4,0.5,0.96,72,22.7,0.46,122,10,NaN,NaN,7075,16,60,,60,0.5,FE-SEM measured thickness,0.1171,NaN,NaN,NaN,NaN,
18941,1693557982.25,2023-09-01 08:46:22,250,+13.20,+0.480,+0.09,+38.4,0.5,0.96,72,22.7,0.46,122,10,NaN,NaN,7075,16,60,,60,0.5,FE-SEM measured thickness,0.1171,NaN,NaN,NaN,NaN,
18942,1693557982.5,2023-09-01 08:46:22,500,+13.30,+0.481,+0.09,+38.4,0.5,0.962,72,22.7,0.46,122,10,NaN,NaN,7075,16,60,,60,0.5,FE-SEM measured thickness,0.1171,NaN,NaN,NaN,NaN,
18943,1693557982.75,2023-09-01 08:46:22,750,+13.37,+0.489,+0.09,+38.4,0.5,0.978,72,22.7,0.46,122,10,NaN,NaN,7075,16,60,,60,0.5,FE-SEM measured thickness,0.1171,NaN,NaN,NaN,NaN,
18944,1693557983,2023-09-01 08:46:23,000,+13.40,+0.489,+0.09,+38.4,0.5,0.978,72,22.7,0.46,122,10,NaN,NaN,7075,16,60,,60,0.5,FE-SEM measured thickness,0.1171,NaN,NaN,NaN,NaN,
18945,1693557983.25,2023-09-01 08:46:23,250,+13.50,+0.489,+0.09,+38.4,0.5,0.978,72,22.7,0.46,122,10,NaN,NaN,7075,16,60,,60,0.5,FE-SEM measured thickness,0.1171,NaN,NaN,NaN,NaN,
18946,1693557983.5,2023-09-01 08:46:23,500,+13.56,+0.496,+0.09,+38.4,0.5,0.992,72,22.7,0.46,122,10,NaN,NaN,7075,16,60,,60,0.5,FE-SEM measured thickness,0.1171,NaN,NaN,NaN,NaN,
18947,1693557983.75,2023-09-01 08:46:23,750,+13.60,+0.496,+0.10,+38.4,0.5,0.992,72,22.7,0.46,122,10,NaN,NaN,7075,16,60,,60,0.5,FE-SEM measured thickness,0.1171,NaN,NaN,NaN,NaN,
18948,1693557984,2023-09-01 08:46:24,000,+13.70,+0.497,+0.10,+38.4,0.5,0.994,72,22.7,0.46,122,10,NaN,NaN,7075,16,60,,60,0.5,FE-SEM measured thickness,0.1171,NaN,NaN,NaN,NaN,
18949,1693557984.25,2023-09-01 08:46:24,250,+13.76,+0.504,+0.10,+38.4,0.5,1.008,72,22.7,0.46,122,10,NaN,NaN,7075,16,60,,60,0.5,FE-SEM measured thickness,0.1171,NaN,NaN,NaN,NaN,
18950,1693557984.5,2023-09-01 08:46:24,500,+13.80,+0.505,+0.10,+38.4,0.5,1.01,72,22.7,0.46,122,10,NaN,NaN,7075,16,60,,60,0.5,FE-SEM measured thickness,0.1171,NaN,NaN,NaN,NaN,
18951,1693557984.75,2023-09-01 08:46:24,750,+13.89,+0.506,+0.10,+38.4,0.5,1.012,72,22.7,0.46,122,10,NaN,NaN,7075,16,60,,60,0.5,FE-SEM measured thickness,0.1171,NaN,NaN,NaN,NaN,
18952,1693557985,2023-09-01 08:46:25,000,+13.97,+0.514,+0.10,+38.4,0.5,1.028,72,22.7,0.46,122,10,NaN,NaN,7075,16,60,,60,0.5,FE-SEM measured thickness,0.1171,NaN,NaN,NaN,NaN,
18953,1693557985.25,2023-09-01 08:46:25,250,+14.00,+0.515,+0.09,+38.4,0.5,1.03,72,22.7,0.46,122,10,NaN,NaN,7075,16,60,,60,0.5,FE-SEM measured thickness,0.1171,NaN,NaN,NaN,NaN,
18954,1693557985.5,2023-09-01 08:46:25,500,+14.09,+0.516,+0.10,+38.4,0.5,1.032,72,22.7,0.46,122,10,NaN,NaN,7075,16,60,,60,0.5,FE-SEM measured thickness,0.1171,NaN,NaN,NaN,NaN,
18955,1693557985.75,2023-09-01 08:46:25,750,+14.17,+0.524,+0.10,+38.4,0.5,1.048,72,22.7,0.46,122,10,NaN,NaN,7075,16,60,,60,0.5,FE-SEM measured thickness,0.1171,NaN,NaN,NaN,NaN,
18956,1693557986,2023-09-01 08:46:26,000,+14.20,+0.526,+0.10,+38.4,0.5,1.052,72,22.7,0.46,122,10,NaN,NaN,7075,16,60,,60,0.5,FE-SEM measured thickness,0.1171,NaN,NaN,NaN,NaN,
18957,1693557986.25,2023-09-01 08:46:26,250,+14.29,+0.526,+0.10,+38.4,0.5,1.052,72,22.7,0.46,122,10,NaN,NaN,7075,16,60,,60,0.5,FE-SEM measured thickness,0.1171,NaN,NaN,NaN,NaN,
18958,1693557986.5,2023-09-01 08:46:26,500,+14.37,+0.536,+0.10,+38.4,0.5,1.072,72,22.7,0.46,122,10,NaN,NaN,7075,16,60,,60,0.5,FE-SEM measured thickness,0.1171,NaN,NaN,NaN,NaN,
18959,1693557986.75,2023-09-01 08:46:26,750,+14.40,+0.536,+0.10,+38.4,0.5,1.072,72,22.7,0.46,122,10,NaN,NaN,7075,16,60,,60,0.5,FE-SEM measured thickness,0.1171,NaN,NaN,NaN,NaN,
18960,1693557987,2023-09-01 08:46:27,000,+14.50,+0.537,+0.10,+38.4,0.5,1.074,72,22.7,0.46,122,10,NaN,NaN,7075,16,60,,60,0.5,FE-SEM measured thickness,0.1171,NaN,NaN,NaN,NaN,
18961,1693557987.25,2023-09-01 08:46:27,250,+14.56,+0.543,+0.10,+38.4,0.5,1.086,72,22.7,0.46,122,10,NaN,NaN,7075,16,60,,60,0.5,FE-SEM measured thickness,0.1171,NaN,NaN,NaN,NaN,
18962,1693557987.5,2023-09-01 08:46:27,500,+14.60,+0.543,+0.10,+38.4,0.5,1.086,72,22.7,0.46,122,10,NaN,NaN,7075,16,60,,60,0.5,FE-SEM measured thickness,0.1171,NaN,NaN,NaN,NaN,
18963,1693557987.75,2023-09-01 08:46:27,750,+14.69,+0.543,+0.10,+38.4,0.5,1.086,72,22.7,0.46,122,10,NaN,NaN,7075,16,60,,60,0.5,FE-SEM measured thickness,0.1171,NaN,NaN,NaN,NaN,
18964,1693557988,2023-09-01 08:46:28,000,+14.77,+0.551,+0.09,+38.4,0.5,1.102,72,22.7,0.46,122,10,NaN,NaN,7075,16,60,,60,0.5,FE-SEM measured thickness,0.1171,NaN,NaN,NaN,NaN,
18965,1693557988.25,2023-09-01 08:46:28,250,+14.80,+0.551,+0.10,+38.4,0.5,1.102,72,22.7,0.46,122,10,NaN,NaN,7075,16,60,,60,0.5,FE-SEM measured thickness,0.1171,NaN,NaN,NaN,NaN,
18966,1693557988.5,2023-09-01 08:46:28,500,+14.89,+0.553,+0.10,+38.4,0.5,1.106,72,22.7,0.46,122,10,NaN,NaN,7075,16,60,,60,0.5,FE-SEM measured thickness,0.1171,NaN,NaN,NaN,NaN,
18967,1693557988.75,2023-09-01 08:46:28,750,+14.96,+0.561,+0.10,+38.4,0.5,1.122,72,22.7,0.46,122,10,NaN,NaN,7075,16,60,,60,0.5,FE-SEM measured thickness,0.1171,NaN,NaN,NaN,NaN,
18968,1693557989,2023-09-01 08:46:29,000,+15.00,+0.563,+0.10,+38.4,0.5,1.126,72,22.7,0.46,122,10,NaN,NaN,7075,16,60,,60,0.5,FE-SEM measured thickness,0.1171,NaN,NaN,NaN,NaN,
18969,1693557989.25,2023-09-01 08:46:29,250,+15.09,+0.564,+0.10,+38.4,0.5,1.128,72,22.7,0.46,122,10,NaN,NaN,7075,16,60,,60,0.5,FE-SEM measured thickness,0.1171,NaN,NaN,NaN,NaN,
18970,1693557989.5,2023-09-01 08:46:29,500,+15.17,+0.573,+0.10,+38.4,0.5,1.146,72,22.7,0.46,122,10,NaN,NaN,7075,16,60,,60,0.5,FE-SEM measured thickness,0.1171,NaN,NaN,NaN,NaN,
18971,1693557989.75,2023-09-01 08:46:29,750,+15.20,+0.575,+0.10,+38.4,0.5,1.15,72,22.7,0.46,122,10,NaN,NaN,7075,16,60,,60,0.5,FE-SEM measured thickness,0.1171,NaN,NaN,NaN,NaN,
18972,1693557990,2023-09-01 08:46:30,000,+15.29,+0.577,+0.10,+38.4,0.5,1.154,72,22.7,0.46,122,10,NaN,NaN,7075,16,60,,60,0.5,FE-SEM measured thickness,0.1171,NaN,NaN,NaN,NaN,
18973,1693557990.25,2023-09-01 08:46:30,250,+15.35,+0.584,+0.10,+38.4,0.5,1.168,72,22.7,0.46,122,10,NaN,NaN,7075,16,60,,60,0.5,FE-SEM measured thickness,0.1171,NaN,NaN,NaN,NaN,
18974,1693557990.5,2023-09-01 08:46:30,500,+15.39,+0.586,+0.10,+38.4,0.5,1.172,72,22.7,0.46,122,10,NaN,NaN,7075,16,60,,60,0.5,FE-SEM measured thickness,0.1171,NaN,NaN,NaN,NaN,
18975,1693557990.75,2023-09-01 08:46:30,750,+15.49,+0.588,+0.11,+38.4,0.5,1.176,72,22.7,0.46,122,10,NaN,NaN,7075,16,60,,60,0.5,FE-SEM measured thickness,0.1171,NaN,NaN,NaN,NaN,
18976,1693557991,2023-09-01 08:46:31,000,+15.55,+0.595,+0.11,+38.4,0.5,1.19,72,22.7,0.46,122,10,NaN,NaN,7075,16,60,,60,0.5,FE-SEM measured thickness,0.1171,NaN,NaN,NaN,NaN,
18977,1693557991.25,2023-09-01 08:46:31,250,+15.60,+0.596,+0.11,+38.4,0.5,1.192,72,22.7,0.46,122,10,NaN,NaN,7075,16,60,,60,0.5,FE-SEM measured thickness,0.1171,NaN,NaN,NaN,NaN,
18978,1693557991.5,2023-09-01 08:46:31,500,+15.69,+0.599,+0.11,+38.4,0.5,1.198,72,22.7,0.46,122,10,NaN,NaN,7075,16,60,,60,0.5,FE-SEM measured thickness,0.1171,NaN,NaN,NaN,NaN,
18979,1693557991.75,2023-09-01 08:46:31,750,+15.77,+0.608,+0.11,+38.4,0.5,1.216,72,22.7,0.46,122,10,NaN,NaN,7075,16,60,,60,0.5,FE-SEM measured thickness,0.1171,NaN,NaN,NaN,NaN,
18980,1693557992,2023-09-01 08:46:32,000,+15.80,+0.610,+0.11,+38.4,0.5,1.22,72,22.7,0.46,122,10,NaN,NaN,7075,16,60,,60,0.5,FE-SEM measured thickness,0.1171,NaN,NaN,NaN,NaN,
18981,1693557992.25,2023-09-01 08:46:32,250,+15.89,+0.612,+0.11,+38.4,0.5,1.224,72,22.7,0.46,122,10,NaN,NaN,7075,16,60,,60,0.5,FE-SEM measured thickness,0.1171,NaN,NaN,NaN,NaN,
18982,1693557992.5,2023-09-01 08:46:32,500,+14.21,+0.509,+0.10,+38.4,0.5,1.018,72,22.7,0.46,122,10,NaN,NaN,7075,16,60,,60,0.5,FE-SEM measured thickness,0.1171,NaN,NaN,NaN,NaN,
18983,1693557992.75,2023-09-01 08:46:32,750,+12.50,+0.395,+0.10,+38.5,0.5,0.79,72,22.7,0.46,122,10,NaN,NaN,7075,16,60,,60,0.5,FE-SEM measured thickness,0.1171,NaN,NaN,NaN,NaN,
18984,1693557993,2023-09-01 08:46:33,000,+11.48,+0.275,+0.08,+38.5,0.5,0.55,72,22.7,0.46,122,10,NaN,NaN,7075,16,60,,60,0.5,FE-SEM measured thickness,0.1171,NaN,NaN,NaN,NaN,
18985,1693557993.25,2023-09-01 08:46:33,250,+10.67,+0.159,+0.07,+38.5,0.5,0.318,72,22.7,0.46,122,10,NaN,NaN,7075,16,60,,60,0.5,FE-SEM measured thickness,0.1171,NaN,NaN,NaN,NaN,
18986,1693557993.5,2023-09-01 08:46:33,500,+9.95,+0.039,+0.06,+38.6,0.5,0.078,72,22.7,0.46,122,10,NaN,NaN,7075,16,60,,60,0.5,FE-SEM measured thickness,0.1171,NaN,NaN,NaN,NaN,
18987,1693557993.75,2023-09-01 08:46:33,750,+9.31,+0.026,+0.05,+38.6,0.5,0.052,72,22.7,0.46,122,10,NaN,NaN,7075,16,60,,60,0.5,FE-SEM measured thickness,0.1171,NaN,NaN,NaN,NaN,
18988,1693557994,2023-09-01 08:46:34,000,+8.72,+0.023,+0.05,+38.6,0.5,0.046,72,22.7,0.46,122,10,NaN,NaN,7075,16,60,,60,0.5,FE-SEM measured thickness,0.1171,NaN,NaN,NaN,NaN,
18989,1693557994.25,2023-09-01 08:46:34,250,+8.18,+0.021,+0.04,+38.6,0.5,0.042,72,22.7,0.46,122,10,NaN,NaN,7075,16,60,,60,0.5,FE-SEM measured thickness,0.1171,NaN,NaN,NaN,NaN,
18990,1693557994.5,2023-09-01 08:46:34,500,+7.67,+0.019,+0.04,+38.6,0.5,0.038,72,22.7,0.46,122,10,NaN,NaN,7075,16,60,,60,0.5,FE-SEM measured thickness,0.1171,NaN,NaN,NaN,NaN,
18991,1693557994.75,2023-09-01 08:46:34,750,+7.22,+0.017,+0.03,+38.6,0.5,0.034,72,22.7,0.46,122,10,NaN,NaN,7075,16,60,,60,0.5,FE-SEM measured thickness,0.1171,NaN,NaN,NaN,NaN,
18992,1693557995,2023-09-01 08:46:35,000,+6.80,+0.016,+0.03,+38.6,0.5,0.032,72,22.7,0.46,122,10,NaN,NaN,7075,16,60,,60,0.5,FE-SEM measured thickness,0.1171,NaN,NaN,NaN,NaN,
18993,1693557995.25,2023-09-01 08:46:35,250,+6.42,+0.015,+0.03,+38.6,0.5,0.03,72,22.7,0.46,122,10,NaN,NaN,7075,16,60,,60,0.5,FE-SEM measured thickness,0.1171,NaN,NaN,NaN,NaN,
18994,1693557995.5,2023-09-01 08:46:35,500,+6.09,+0.014,+0.02,+38.6,0.5,0.028,72,22.7,0.46,122,10,NaN,NaN,7075,16,60,,60,0.5,FE-SEM measured thickness,0.1171,NaN,NaN,NaN,NaN,
18995,1693557995.75,2023-09-01 08:46:35,750,+5.79,+0.012,+0.02,+38.6,0.5,0.024,72,22.7,0.46,122,10,NaN,NaN,7075,16,60,,60,0.5,FE-SEM measured thickness,0.1171,NaN,NaN,NaN,NaN,
18996,1693557996,2023-09-01 08:46:36,000,+5.53,+0.011,+0.02,+38.6,0.5,0.022,72,22.7,0.46,122,10,NaN,NaN,7075,16,60,,60,0.5,FE-SEM measured thickness,0.1171,NaN,NaN,NaN,NaN,
18997,1693557996.25,2023-09-01 08:46:36,250,+5.30,+0.009,+0.02,+38.6,0.5,0.018,72,22.7,0.46,122,10,NaN,NaN,7075,16,60,,60,0.5,FE-SEM measured thickness,0.1171,NaN,NaN,NaN,NaN,
18998,1693557996.5,2023-09-01 08:46:36,500,+5.09,+0.009,+0.01,+38.6,0.5,0.018,72,22.7,0.46,122,10,NaN,NaN,7075,16,60,,60,0.5,FE-SEM measured thickness,0.1171,NaN,NaN,NaN,NaN,
18999,1693557996.75,2023-09-01 08:46:36,750,+4.91,+0.008,+0.01,+38.6,0.5,0.016,72,22.7,0.46,122,10,NaN,NaN,7075,16,60,,60,0.5,FE-SEM measured thickness,0.1171,NaN,NaN,NaN,NaN,
19000,1693557997,2023-09-01 08:46:37,000,+4.74,+0.007,+0.01,+38.6,0.5,0.014,72,22.7,0.46,122,10,NaN,NaN,7075,16,60,,60,0.5,FE-SEM measured thickness,0.1171,NaN,NaN,NaN,NaN,
19001,1693557997.25,2023-09-01 08:46:37,250,+4.59,+0.006,+0.01,+38.6,0.5,0.012,72,22.7,0.46,122,10,NaN,NaN,7075,16,60,,60,0.5,FE-SEM measured thickness,0.1171,NaN,NaN,NaN,NaN,
19002,1693557997.5,2023-09-01 08:46:37,500,+4.46,+0.006,+0.01,+38.6,0.5,0.012,72,22.7,0.46,122,10,NaN,NaN,7075,16,60,,60,0.5,FE-SEM measured thickness,0.1171,NaN,NaN,NaN,NaN,
19003,1693557997.75,2023-09-01 08:46:37,750,+4.33,+0.005,+0.01,+38.6,0.5,0.01,72,22.7,0.46,122,10,NaN,NaN,7075,16,60,,60,0.5,FE-SEM measured thickness,0.1171,NaN,NaN,NaN,NaN,
19004,1693557998,2023-09-01 08:46:38,000,+4.22,+0.005,+0.01,+38.6,0.5,0.01,72,22.7,0.46,122,10,NaN,NaN,7075,16,60,,60,0.5,FE-SEM measured thickness,0.1171,NaN,NaN,NaN,NaN,
19005,1693557998.25,2023-09-01 08:46:38,250,+4.12,+0.004,+0.01,+38.6,0.5,0.008,72,22.7,0.46,122,10,NaN,NaN,7075,16,60,,60,0.5,FE-SEM measured thickness,0.1171,NaN,NaN,NaN,NaN,
19006,1693557998.5,2023-09-01 08:46:38,500,+4.03,+0.004,+0.01,+38.6,0.5,0.008,72,22.7,0.46,122,10,NaN,NaN,7075,16,60,,60,0.5,FE-SEM measured thickness,0.1171,NaN,NaN,NaN,NaN,
19007,1693557998.75,2023-09-01 08:46:38,750,+3.94,+0.003,+0.01,+38.6,0.5,0.006,72,22.7,0.46,122,10,NaN,NaN,7075,16,60,,60,0.5,FE-SEM measured thickness,0.1171,NaN,NaN,NaN,NaN,
19008,1693557999,2023-09-01 08:46:39,000,+3.85,+0.003,+0.01,+38.6,0.5,0.006,72,22.7,0.46,122,10,NaN,NaN,7075,16,60,,60,0.5,FE-SEM measured thickness,0.1171,NaN,NaN,NaN,NaN,
19009,1693557999.25,2023-09-01 08:46:39,250,+3.78,+0.003,+0.00,+38.6,0.5,0.006,72,22.7,0.46,122,10,NaN,NaN,7075,16,60,,60,0.5,FE-SEM measured thickness,0.1171,NaN,NaN,NaN,NaN,
19010,1693557999.5,2023-09-01 08:46:39,500,+3.71,+0.003,+0.01,+38.6,0.5,0.006,72,22.7,0.46,122,10,NaN,NaN,7075,16,60,,60,0.5,FE-SEM measured thickness,0.1171,NaN,NaN,NaN,NaN,
19011,1693557999.75,2023-09-01 08:46:39,750,+3.64,+0.003,+0.00,+38.6,0.5,0.006,72,22.7,0.46,122,10,NaN,NaN,7075,16,60,,60,0.5,FE-SEM measured thickness,0.1171,NaN,NaN,NaN,NaN,
19012,1693558000,2023-09-01 08:46:40,000,+3.58,+0.003,+0.00,+38.6,0.5,0.006,72,22.7,0.46,122,10,NaN,NaN,7075,16,60,,60,0.5,FE-SEM measured thickness,0.1171,NaN,NaN,NaN,NaN,
19013,1693558000.25,2023-09-01 08:46:40,250,+3.51,+0.003,+0.00,+38.6,0.5,0.006,72,22.7,0.46,122,10,NaN,NaN,7075,16,60,,60,0.5,FE-SEM measured thickness,0.1171,NaN,NaN,NaN,NaN,
19014,1693558000.5,2023-09-01 08:46:40,500,+3.45,+0.003,+0.01,+38.6,0.5,0.006,72,22.7,0.46,122,10,NaN,NaN,7075,16,60,,60,0.5,FE-SEM measured thickness,0.1171,NaN,NaN,NaN,NaN,
19015,1693558000.75,2023-09-01 08:46:40,750,+3.40,+0.003,+0.00,+38.6,0.5,0.006,72,22.7,0.46,122,10,NaN,NaN,7075,16,60,,60,0.5,FE-SEM measured thickness,0.1171,NaN,NaN,NaN,NaN,
19016,1693558001,2023-09-01 08:46:41,000,+3.34,+0.003,+0.01,+38.6,0.5,0.006,72,22.7,0.46,122,10,NaN,NaN,7075,16,60,,60,0.5,FE-SEM measured thickness,0.1171,NaN,NaN,NaN,NaN,
19017,1693558001.25,2023-09-01 08:46:41,250,+3.29,+0.003,+0.00,+38.6,0.5,0.006,72,22.7,0.46,122,10,NaN,NaN,7075,16,60,,60,0.5,FE-SEM measured thickness,0.1171,NaN,NaN,NaN,NaN,
19018,1693558001.5,2023-09-01 08:46:41,500,+3.24,+0.003,+0.01,+38.6,0.5,0.006,72,22.7,0.46,122,10,NaN,NaN,7075,16,60,,60,0.5,FE-SEM measured thickness,0.1171,NaN,NaN,NaN,NaN,
19019,1693558001.75,2023-09-01 08:46:41,750,+3.19,+0.003,+0.00,+38.6,0.5,0.006,72,22.7,0.46,122,10,NaN,NaN,7075,16,60,,60,0.5,FE-SEM measured thickness,0.1171,NaN,NaN,NaN,NaN,
19020,1693558002,2023-09-01 08:46:42,000,+3.14,+0.003,+0.00,+38.6,0.5,0.006,72,22.7,0.46,122,10,NaN,NaN,7075,16,60,,60,0.5,FE-SEM measured thickness,0.1171,NaN,NaN,NaN,NaN,
19021,1693558002.25,2023-09-01 08:46:42,250,+3.09,+0.002,-0.01,+38.6,0.5,0.004,72,22.7,0.46,122,10,NaN,NaN,7075,16,60,,60,0.5,FE-SEM measured thickness,0.1171,NaN,NaN,NaN,NaN,
19022,1693558002.5,2023-09-01 08:46:42,500,+3.04,+0.002,-0.01,+38.6,0.5,0.004,72,22.7,0.46,122,10,NaN,NaN,7075,16,60,,60,0.5,FE-SEM measured thickness,0.1171,NaN,NaN,NaN,NaN,
19023,1693558002.75,2023-09-01 08:46:42,750,+3.00,+0.002,-0.01,+38.6,0.5,0.004,72,22.7,0.46,122,10,NaN,NaN,7075,16,60,,60,0.5,FE-SEM measured thickness,0.1171,NaN,NaN,NaN,NaN,
19024,1693558003,2023-09-01 08:46:43,000,+2.96,+0.002,+0.00,+38.6,0.5,0.004,72,22.7,0.46,122,10,NaN,NaN,7075,16,60,,60,0.5,FE-SEM measured thickness,0.1171,NaN,NaN,NaN,NaN,
19025,1693558003.25,2023-09-01 08:46:43,250,+2.92,+0.002,-0.01,+38.6,0.5,0.004,72,22.7,0.46,122,10,NaN,NaN,7075,16,60,,60,0.5,FE-SEM measured thickness,0.1171,NaN,NaN,NaN,NaN,
19026,1693558003.5,2023-09-01 08:46:43,500,+2.88,+0.002,+0.00,+38.6,0.5,0.004,72,22.7,0.46,122,10,NaN,NaN,7075,16,60,,60,0.5,FE-SEM measured thickness,0.1171,NaN,NaN,NaN,NaN,
19027,1693558003.75,2023-09-01 08:46:43,750,+2.83,+0.002,-0.01,+38.6,0.5,0.004,72,22.7,0.46,122,10,NaN,NaN,7075,16,60,,60,0.5,FE-SEM measured thickness,0.1171,NaN,NaN,NaN,NaN,
19028,1693558004,2023-09-01 08:46:44,000,+2.80,+0.002,+0.00,+38.6,0.5,0.004,72,22.7,0.46,122,10,NaN,NaN,7075,16,60,,60,0.5,FE-SEM measured thickness,0.1171,NaN,NaN,NaN,NaN,
19029,1693558004.25,2023-09-01 08:46:44,250,+2.76,+0.002,-0.01,+38.6,0.5,0.004,72,22.7,0.46,122,10,NaN,NaN,7075,16,60,,60,0.5,FE-SEM measured thickness,0.1171,NaN,NaN,NaN,NaN,
19030,1693558004.5,2023-09-01 08:46:44,500,+2.72,+0.001,+0.00,+38.6,0.5,0.002,72,22.7,0.46,122,10,NaN,NaN,7075,16,60,,60,0.5,FE-SEM measured thickness,0.1171,NaN,NaN,NaN,NaN,
19031,1693558004.75,2023-09-01 08:46:44,750,+2.69,+0.001,-0.01,+38.6,0.5,0.002,72,22.7,0.46,122,10,NaN,NaN,7075,16,60,,60,0.5,FE-SEM measured thickness,0.1171,NaN,NaN,NaN,NaN,
19032,1693558005,2023-09-01 08:46:45,000,+2.65,+0.001,-0.01,+38.6,0.5,0.002,72,22.7,0.46,122,10,NaN,NaN,7075,16,60,,60,0.5,FE-SEM measured thickness,0.1171,NaN,NaN,NaN,NaN,
19033,1693558005.25,2023-09-01 08:46:45,250,+2.61,+0.001,-0.01,+38.6,0.5,0.002,72,22.7,0.46,122,10,NaN,NaN,7075,16,60,,60,0.5,FE-SEM measured thickness,0.1171,NaN,NaN,NaN,NaN,
19034,1693558005.5,2023-09-01 08:46:45,500,+2.58,+0.001,+0.00,+38.6,0.5,0.002,72,22.7,0.46,122,10,NaN,NaN,7075,16,60,,60,0.5,FE-SEM measured thickness,0.1171,NaN,NaN,NaN,NaN,
19035,1693558005.75,2023-09-01 08:46:45,750,+2.54,+0.001,-0.01,+38.6,0.5,0.002,72,22.7,0.46,122,10,NaN,NaN,7075,16,60,,60,0.5,FE-SEM measured thickness,0.1171,NaN,NaN,NaN,NaN,
19036,1693558006,2023-09-01 08:46:46,000,+2.51,+0.001,+0.00,+38.6,0.5,0.002,72,22.7,0.46,122,10,NaN,NaN,7075,16,60,,60,0.5,FE-SEM measured thickness,0.1171,NaN,NaN,NaN,NaN,
19037,1693558006.25,2023-09-01 08:46:46,250,+2.48,+0.001,-0.01,+38.6,0.5,0.002,72,22.7,0.46,122,10,NaN,NaN,7075,16,60,,60,0.5,FE-SEM measured thickness,0.1171,NaN,NaN,NaN,NaN,
19038,1693558006.5,2023-09-01 08:46:46,500,+2.44,+0.001,-0.01,+38.6,0.5,0.002,72,22.7,0.46,122,10,NaN,NaN,7075,16,60,,60,0.5,FE-SEM measured thickness,0.1171,NaN,NaN,NaN,NaN,
19039,1693558006.75,2023-09-01 08:46:46,750,+2.42,+0.002,-0.01,+38.6,0.5,0.004,72,22.7,0.46,122,10,NaN,NaN,7075,16,60,,60,0.5,FE-SEM measured thickness,0.1171,NaN,NaN,NaN,NaN,
19040,1693558007,2023-09-01 08:46:47,000,+2.38,+0.001,-0.01,+38.6,0.5,0.002,72,22.7,0.46,122,10,NaN,NaN,7075,16,60,,60,0.5,FE-SEM measured thickness,0.1171,NaN,NaN,NaN,NaN,
19041,1693558007.25,2023-09-01 08:46:47,250,+2.35,+0.001,-0.01,+38.6,0.5,0.002,72,22.7,0.46,122,10,NaN,NaN,7075,16,60,,60,0.5,FE-SEM measured thickness,0.1171,NaN,NaN,NaN,NaN,
19042,1693558007.5,2023-09-01 08:46:47,500,+2.32,+0.001,-0.01,+38.6,0.5,0.002,72,22.7,0.46,122,10,NaN,NaN,7075,16,60,,60,0.5,FE-SEM measured thickness,0.1171,NaN,NaN,NaN,NaN,
19043,1693558007.75,2023-09-01 08:46:47,750,+2.29,+0.001,-0.01,+38.6,0.5,0.002,72,22.7,0.46,122,10,NaN,NaN,7075,16,60,,60,0.5,FE-SEM measured thickness,0.1171,NaN,NaN,NaN,NaN,
19044,1693558008,2023-09-01 08:46:48,000,+2.27,+0.001,-0.01,+38.6,0.5,0.002,72,22.7,0.46,122,10,NaN,NaN,7075,16,60,,60,0.5,FE-SEM measured thickness,0.1171,NaN,NaN,NaN,NaN,
19045,1693558008.25,2023-09-01 08:46:48,250,+2.24,+0.001,-0.01,+38.6,0.5,0.002,72,22.7,0.46,122,10,NaN,NaN,7075,16,60,,60,0.5,FE-SEM measured thickness,0.1171,NaN,NaN,NaN,NaN,
19046,1693558008.5,2023-09-01 08:46:48,500,+2.21,+0.001,-0.01,+38.6,0.5,0.002,72,22.7,0.46,122,10,NaN,NaN,7075,16,60,,60,0.5,FE-SEM measured thickness,0.1171,NaN,NaN,NaN,NaN,
19047,1693558008.75,2023-09-01 08:46:48,750,+2.18,+0.001,-0.01,+38.6,0.5,0.002,72,22.7,0.46,122,10,NaN,NaN,7075,16,60,,60,0.5,FE-SEM measured thickness,0.1171,NaN,NaN,NaN,NaN,
19048,1693558009,2023-09-01 08:46:49,000,+2.15,+0.001,-0.01,+38.6,0.5,0.002,72,22.7,0.46,122,10,NaN,NaN,7075,16,60,,60,0.5,FE-SEM measured thickness,0.1171,NaN,NaN,NaN,NaN,
19049,1693558009.25,2023-09-01 08:46:49,250,+2.12,+0.001,-0.01,+38.6,0.5,0.002,72,22.7,0.46,122,10,NaN,NaN,7075,16,60,,60,0.5,FE-SEM measured thickness,0.1171,NaN,NaN,NaN,NaN,
19050,1693558009.5,2023-09-01 08:46:49,500,+2.10,+0.001,-0.01,+38.6,0.5,0.002,72,22.7,0.46,122,10,NaN,NaN,7075,16,60,,60,0.5,FE-SEM measured thickness,0.1171,NaN,NaN,NaN,NaN,
19051,1693558009.75,2023-09-01 08:46:49,750,+2.08,+0.000,-0.01,+38.6,0.5,0,72,22.7,0.46,122,10,NaN,NaN,7075,16,60,,60,0.5,FE-SEM measured thickness,0.1171,NaN,NaN,NaN,NaN,
19052,1693558010,2023-09-01 08:46:50,000,+2.05,+0.000,-0.01,+38.6,0.5,0,72,22.7,0.46,122,10,NaN,NaN,7075,16,60,,60,0.5,FE-SEM measured thickness,0.1171,NaN,NaN,NaN,NaN,
19053,1693558010.25,2023-09-01 08:46:50,250,+2.02,+0.001,-0.01,+38.6,0.5,0.002,72,22.7,0.46,122,10,NaN,NaN,7075,16,60,,60,0.5,FE-SEM measured thickness,0.1171,NaN,NaN,NaN,NaN,
19054,1693558010.5,2023-09-01 08:46:50,500,+2.00,+0.001,-0.01,+38.6,0.5,0.002,72,22.7,0.46,122,10,NaN,NaN,7075,16,60,,60,0.5,FE-SEM measured thickness,0.1171,NaN,NaN,NaN,NaN,
19055,1693558010.75,2023-09-01 08:46:50,750,+1.97,+0.001,-0.01,+38.6,0.5,0.002,72,22.7,0.46,122,10,NaN,NaN,7075,16,60,,60,0.5,FE-SEM measured thickness,0.1171,NaN,NaN,NaN,NaN,
19056,1693558011,2023-09-01 08:46:51,000,+1.95,+0.001,-0.01,+38.6,0.5,0.002,72,22.7,0.46,122,10,NaN,NaN,7075,16,60,,60,0.5,FE-SEM measured thickness,0.1171,NaN,NaN,NaN,NaN,
19057,1693558011.25,2023-09-01 08:46:51,250,+1.93,+0.001,-0.01,+38.6,0.5,0.002,72,22.7,0.46,122,10,NaN,NaN,7075,16,60,,60,0.5,FE-SEM measured thickness,0.1171,NaN,NaN,NaN,NaN,
19058,1693558011.5,2023-09-01 08:46:51,500,+1.90,+0.001,-0.01,+38.6,0.5,0.002,72,22.7,0.46,122,10,NaN,NaN,7075,16,60,,60,0.5,FE-SEM measured thickness,0.1171,NaN,NaN,NaN,NaN,
19059,1693558011.75,2023-09-01 08:46:51,750,+1.88,+0.001,-0.01,+38.6,0.5,0.002,72,22.7,0.46,122,10,NaN,NaN,7075,16,60,,60,0.5,FE-SEM measured thickness,0.1171,NaN,NaN,NaN,NaN,
19060,1693558012,2023-09-01 08:46:52,000,+1.85,+0.001,-0.01,+38.6,0.5,0.002,72,22.7,0.46,122,10,NaN,NaN,7075,16,60,,60,0.5,FE-SEM measured thickness,0.1171,NaN,NaN,NaN,NaN,
19061,1693558012.25,2023-09-01 08:46:52,250,+1.83,+0.002,-0.01,+38.6,0.5,0.004,72,22.7,0.46,122,10,NaN,NaN,7075,16,60,,60,0.5,FE-SEM measured thickness,0.1171,NaN,NaN,NaN,NaN,
19062,1693558012.5,2023-09-01 08:46:52,500,+1.80,+0.002,-0.01,+38.6,0.5,0.004,72,22.7,0.46,122,10,NaN,NaN,7075,16,60,,60,0.5,FE-SEM measured thickness,0.1171,NaN,NaN,NaN,NaN,
19063,1693558012.75,2023-09-01 08:46:52,750,+1.78,+0.001,-0.01,+38.6,0.5,0.002,72,22.7,0.46,122,10,NaN,NaN,7075,16,60,,60,0.5,FE-SEM measured thickness,0.1171,NaN,NaN,NaN,NaN,
19064,1693558013,2023-09-01 08:46:53,000,+1.76,+0.001,-0.01,+38.6,0.5,0.002,72,22.7,0.46,122,10,NaN,NaN,7075,16,60,,60,0.5,FE-SEM measured thickness,0.1171,NaN,NaN,NaN,NaN,
19065,1693558013.25,2023-09-01 08:46:53,250,+1.74,+0.002,-0.01,+38.6,0.5,0.004,72,22.7,0.46,122,10,NaN,NaN,7075,16,60,,60,0.5,FE-SEM measured thickness,0.1171,NaN,NaN,NaN,NaN,
19066,1693558013.5,2023-09-01 08:46:53,500,+1.71,+0.002,-0.01,+38.6,0.5,0.004,72,22.7,0.46,122,10,NaN,NaN,7075,16,60,,60,0.5,FE-SEM measured thickness,0.1171,NaN,NaN,NaN,NaN,
19067,1693558013.75,2023-09-01 08:46:53,750,+1.69,+0.002,-0.01,+38.6,0.5,0.004,72,22.7,0.46,122,10,NaN,NaN,7075,16,60,,60,0.5,FE-SEM measured thickness,0.1171,NaN,NaN,NaN,NaN,
19068,1693558014,2023-09-01 08:46:54,000,+1.67,+0.002,-0.01,+38.6,0.5,0.004,72,22.7,0.46,122,10,NaN,NaN,7075,16,60,,60,0.5,FE-SEM measured thickness,0.1171,NaN,NaN,NaN,NaN,
19069,1693558014.25,2023-09-01 08:46:54,250,+1.65,+0.002,-0.01,+38.6,0.5,0.004,72,22.7,0.46,122,10,NaN,NaN,7075,16,60,,60,0.5,FE-SEM measured thickness,0.1171,NaN,NaN,NaN,NaN,
19070,1693558014.5,2023-09-01 08:46:54,500,+1.62,+0.001,-0.01,+38.6,0.5,0.002,72,22.7,0.46,122,10,NaN,NaN,7075,16,60,,60,0.5,FE-SEM measured thickness,0.1171,NaN,NaN,NaN,NaN,
19071,1693558014.75,2023-09-01 08:46:54,750,+1.60,+0.001,-0.01,+38.6,0.5,0.002,72,22.7,0.46,122,10,NaN,NaN,7075,16,60,,60,0.5,FE-SEM measured thickness,0.1171,NaN,NaN,NaN,NaN,
19072,1693558015,2023-09-01 08:46:55,000,+1.58,+0.001,-0.01,+38.6,0.5,0.002,72,22.7,0.46,122,10,NaN,NaN,7075,16,60,,60,0.5,FE-SEM measured thickness,0.1171,NaN,NaN,NaN,NaN,
19073,1693558015.25,2023-09-01 08:46:55,250,+1.56,+0.001,-0.01,+38.6,0.5,0.002,72,22.7,0.46,122,10,NaN,NaN,7075,16,60,,60,0.5,FE-SEM measured thickness,0.1171,NaN,NaN,NaN,NaN,
19074,1693558015.5,2023-09-01 08:46:55,500,+1.54,+0.002,-0.01,+38.6,0.5,0.004,72,22.7,0.46,122,10,NaN,NaN,7075,16,60,,60,0.5,FE-SEM measured thickness,0.1171,NaN,NaN,NaN,NaN,
19075,1693558015.75,2023-09-01 08:46:55,750,+1.52,+0.002,-0.01,+38.6,0.5,0.004,72,22.7,0.46,122,10,NaN,NaN,7075,16,60,,60,0.5,FE-SEM measured thickness,0.1171,NaN,NaN,NaN,NaN,
19076,1693558016,2023-09-01 08:46:56,000,+1.50,+0.002,-0.01,+38.6,0.5,0.004,72,22.7,0.46,122,10,NaN,NaN,7075,16,60,,60,0.5,FE-SEM measured thickness,0.1171,NaN,NaN,NaN,NaN,
19077,1693558016.25,2023-09-01 08:46:56,250,+1.49,+0.002,-0.01,+38.6,0.5,0.004,72,22.7,0.46,122,10,NaN,NaN,7075,16,60,,60,0.5,FE-SEM measured thickness,0.1171,NaN,NaN,NaN,NaN,
19078,1693558016.5,2023-09-01 08:46:56,500,+1.47,+0.002,-0.01,+38.6,0.5,0.004,72,22.7,0.46,122,10,NaN,NaN,7075,16,60,,60,0.5,FE-SEM measured thickness,0.1171,NaN,NaN,NaN,NaN,
19079,1693558016.75,2023-09-01 08:46:56,750,+1.45,+0.002,-0.01,+38.6,0.5,0.004,72,22.7,0.46,122,10,NaN,NaN,7075,16,60,,60,0.5,FE-SEM measured thickness,0.1171,NaN,NaN,NaN,NaN,
19080,1693558017,2023-09-01 08:46:57,000,+1.43,+0.002,-0.01,+38.6,0.5,0.004,72,22.7,0.46,122,10,NaN,NaN,7075,16,60,,60,0.5,FE-SEM measured thickness,0.1171,NaN,NaN,NaN,NaN,
19081,1693558017.25,2023-09-01 08:46:57,250,+1.42,+0.002,-0.01,+38.6,0.5,0.004,72,22.7,0.46,122,10,NaN,NaN,7075,16,60,,60,0.5,FE-SEM measured thickness,0.1171,NaN,NaN,NaN,NaN,
19082,1693558017.5,2023-09-01 08:46:57,500,+1.40,+0.002,-0.01,+38.6,0.5,0.004,72,22.7,0.46,122,10,NaN,NaN,7075,16,60,,60,0.5,FE-SEM measured thickness,0.1171,NaN,NaN,NaN,NaN,
19083,1693558017.75,2023-09-01 08:46:57,750,+1.38,+0.002,-0.01,+38.6,0.5,0.004,72,22.7,0.46,122,10,NaN,NaN,7075,16,60,,60,0.5,FE-SEM measured thickness,0.1171,NaN,NaN,NaN,NaN,
19084,1693558018,2023-09-01 08:46:58,000,+1.37,+0.002,-0.01,+38.6,0.5,0.004,72,22.7,0.46,122,10,NaN,NaN,7075,16,60,,60,0.5,FE-SEM measured thickness,0.1171,NaN,NaN,NaN,NaN,
19085,1693558018.25,2023-09-01 08:46:58,250,+1.35,+0.002,-0.01,+38.6,0.5,0.004,72,22.7,0.46,122,10,NaN,NaN,7075,16,60,,60,0.5,FE-SEM measured thickness,0.1171,NaN,NaN,NaN,NaN,
19086,1693558018.5,2023-09-01 08:46:58,500,+1.34,+0.002,-0.01,+38.6,0.5,0.004,72,22.7,0.46,122,10,NaN,NaN,7075,16,60,,60,0.5,FE-SEM measured thickness,0.1171,NaN,NaN,NaN,NaN,
19087,1693558018.75,2023-09-01 08:46:58,750,+1.32,+0.002,-0.01,+38.6,0.5,0.004,72,22.7,0.46,122,10,NaN,NaN,7075,16,60,,60,0.5,FE-SEM measured thickness,0.1171,NaN,NaN,NaN,NaN,
19088,1693558019,2023-09-01 08:46:59,000,+1.30,+0.002,-0.01,+38.6,0.5,0.004,72,22.7,0.46,122,10,NaN,NaN,7075,16,60,,60,0.5,FE-SEM measured thickness,0.1171,NaN,NaN,NaN,NaN,
19089,1693558019.25,2023-09-01 08:46:59,250,+1.29,+0.002,-0.01,+38.6,0.5,0.004,72,22.7,0.46,122,10,NaN,NaN,7075,16,60,,60,0.5,FE-SEM measured thickness,0.1171,NaN,NaN,NaN,NaN,
19090,1693558019.5,2023-09-01 08:46:59,500,+1.28,+0.002,-0.01,+38.6,0.5,0.004,72,22.7,0.46,122,10,NaN,NaN,7075,16,60,,60,0.5,FE-SEM measured thickness,0.1171,NaN,NaN,NaN,NaN,
19091,1693558019.75,2023-09-01 08:46:59,750,+1.27,+0.002,-0.01,+38.6,0.5,0.004,72,22.7,0.46,122,10,NaN,NaN,7075,16,60,,60,0.5,FE-SEM measured thickness,0.1171,NaN,NaN,NaN,NaN,
19092,1693558020,2023-09-01 08:47:00,000,+1.25,+0.002,-0.01,+38.6,0.5,0.004,72,22.7,0.46,122,10,NaN,NaN,7075,16,60,,60,0.5,FE-SEM measured thickness,0.1171,NaN,NaN,NaN,NaN,
